[{"model": "auth.permission", "pk": 93, "fields": {"name": "Can add log entry", "content_type": 24, "codename": "add_logentry"}}, {"model": "auth.permission", "pk": 94, "fields": {"name": "Can change log entry", "content_type": 24, "codename": "change_logentry"}}, {"model": "auth.permission", "pk": 95, "fields": {"name": "Can delete log entry", "content_type": 24, "codename": "delete_logentry"}}, {"model": "auth.permission", "pk": 96, "fields": {"name": "Can view log entry", "content_type": 24, "codename": "view_logentry"}}, {"model": "auth.permission", "pk": 97, "fields": {"name": "Can add permission", "content_type": 25, "codename": "add_permission"}}, {"model": "auth.permission", "pk": 98, "fields": {"name": "Can change permission", "content_type": 25, "codename": "change_permission"}}, {"model": "auth.permission", "pk": 99, "fields": {"name": "Can delete permission", "content_type": 25, "codename": "delete_permission"}}, {"model": "auth.permission", "pk": 100, "fields": {"name": "Can view permission", "content_type": 25, "codename": "view_permission"}}, {"model": "auth.permission", "pk": 101, "fields": {"name": "Can add group", "content_type": 26, "codename": "add_group"}}, {"model": "auth.permission", "pk": 102, "fields": {"name": "Can change group", "content_type": 26, "codename": "change_group"}}, {"model": "auth.permission", "pk": 103, "fields": {"name": "Can delete group", "content_type": 26, "codename": "delete_group"}}, {"model": "auth.permission", "pk": 104, "fields": {"name": "Can view group", "content_type": 26, "codename": "view_group"}}, {"model": "auth.permission", "pk": 105, "fields": {"name": "Can add content type", "content_type": 27, "codename": "add_contenttype"}}, {"model": "auth.permission", "pk": 106, "fields": {"name": "Can change content type", "content_type": 27, "codename": "change_contenttype"}}, {"model": "auth.permission", "pk": 107, "fields": {"name": "Can delete content type", "content_type": 27, "codename": "delete_contenttype"}}, {"model": "auth.permission", "pk": 108, "fields": {"name": "Can view content type", "content_type": 27, "codename": "view_contenttype"}}, {"model": "auth.permission", "pk": 109, "fields": {"name": "Can add session", "content_type": 28, "codename": "add_session"}}, {"model": "auth.permission", "pk": 110, "fields": {"name": "Can change session", "content_type": 28, "codename": "change_session"}}, {"model": "auth.permission", "pk": 111, "fields": {"name": "Can delete session", "content_type": 28, "codename": "delete_session"}}, {"model": "auth.permission", "pk": 112, "fields": {"name": "Can view session", "content_type": 28, "codename": "view_session"}}, {"model": "auth.permission", "pk": 113, "fields": {"name": "Can add author", "content_type": 29, "codename": "add_author"}}, {"model": "auth.permission", "pk": 114, "fields": {"name": "Can change author", "content_type": 29, "codename": "change_author"}}, {"model": "auth.permission", "pk": 115, "fields": {"name": "Can delete author", "content_type": 29, "codename": "delete_author"}}, {"model": "auth.permission", "pk": 116, "fields": {"name": "Can view author", "content_type": 29, "codename": "view_author"}}, {"model": "auth.permission", "pk": 117, "fields": {"name": "Can add main page content", "content_type": 30, "codename": "add_mainpagecontent"}}, {"model": "auth.permission", "pk": 118, "fields": {"name": "Can change main page content", "content_type": 30, "codename": "change_mainpagecontent"}}, {"model": "auth.permission", "pk": 119, "fields": {"name": "Can delete main page content", "content_type": 30, "codename": "delete_mainpagecontent"}}, {"model": "auth.permission", "pk": 120, "fields": {"name": "Can view main page content", "content_type": 30, "codename": "view_mainpagecontent"}}, {"model": "auth.permission", "pk": 121, "fields": {"name": "Can add feedback", "content_type": 31, "codename": "add_feedback"}}, {"model": "auth.permission", "pk": 122, "fields": {"name": "Can change feedback", "content_type": 31, "codename": "change_feedback"}}, {"model": "auth.permission", "pk": 123, "fields": {"name": "Can delete feedback", "content_type": 31, "codename": "delete_feedback"}}, {"model": "auth.permission", "pk": 124, "fields": {"name": "Can view feedback", "content_type": 31, "codename": "view_feedback"}}, {"model": "auth.permission", "pk": 125, "fields": {"name": "Can add category", "content_type": 32, "codename": "add_category"}}, {"model": "auth.permission", "pk": 126, "fields": {"name": "Can change category", "content_type": 32, "codename": "change_category"}}, {"model": "auth.permission", "pk": 127, "fields": {"name": "Can delete category", "content_type": 32, "codename": "delete_category"}}, {"model": "auth.permission", "pk": 128, "fields": {"name": "Can view category", "content_type": 32, "codename": "view_category"}}, {"model": "auth.permission", "pk": 129, "fields": {"name": "Can add product marker", "content_type": 33, "codename": "add_productmarker"}}, {"model": "auth.permission", "pk": 130, "fields": {"name": "Can change product marker", "content_type": 33, "codename": "change_productmarker"}}, {"model": "auth.permission", "pk": 131, "fields": {"name": "Can delete product marker", "content_type": 33, "codename": "delete_productmarker"}}, {"model": "auth.permission", "pk": 132, "fields": {"name": "Can view product marker", "content_type": 33, "codename": "view_productmarker"}}, {"model": "auth.permission", "pk": 133, "fields": {"name": "Can add product", "content_type": 34, "codename": "add_product"}}, {"model": "auth.permission", "pk": 134, "fields": {"name": "Can change product", "content_type": 34, "codename": "change_product"}}, {"model": "auth.permission", "pk": 135, "fields": {"name": "Can delete product", "content_type": 34, "codename": "delete_product"}}, {"model": "auth.permission", "pk": 136, "fields": {"name": "Can view product", "content_type": 34, "codename": "view_product"}}, {"model": "auth.permission", "pk": 137, "fields": {"name": "Can add image", "content_type": 35, "codename": "add_image"}}, {"model": "auth.permission", "pk": 138, "fields": {"name": "Can change image", "content_type": 35, "codename": "change_image"}}, {"model": "auth.permission", "pk": 139, "fields": {"name": "Can delete image", "content_type": 35, "codename": "delete_image"}}, {"model": "auth.permission", "pk": 140, "fields": {"name": "Can view image", "content_type": 35, "codename": "view_image"}}, {"model": "auth.permission", "pk": 141, "fields": {"name": "Can add user", "content_type": 36, "codename": "add_customer"}}, {"model": "auth.permission", "pk": 142, "fields": {"name": "Can change user", "content_type": 36, "codename": "change_customer"}}, {"model": "auth.permission", "pk": 143, "fields": {"name": "Can delete user", "content_type": 36, "codename": "delete_customer"}}, {"model": "auth.permission", "pk": 144, "fields": {"name": "Can view user", "content_type": 36, "codename": "view_customer"}}, {"model": "auth.permission", "pk": 145, "fields": {"name": "Can add customer profile", "content_type": 37, "codename": "add_customerprofile"}}, {"model": "auth.permission", "pk": 146, "fields": {"name": "Can change customer profile", "content_type": 37, "codename": "change_customerprofile"}}, {"model": "auth.permission", "pk": 147, "fields": {"name": "Can delete customer profile", "content_type": 37, "codename": "delete_customerprofile"}}, {"model": "auth.permission", "pk": 148, "fields": {"name": "Can view customer profile", "content_type": 37, "codename": "view_customerprofile"}}, {"model": "auth.permission", "pk": 149, "fields": {"name": "Can add basket", "content_type": 38, "codename": "add_basket"}}, {"model": "auth.permission", "pk": 150, "fields": {"name": "Can change basket", "content_type": 38, "codename": "change_basket"}}, {"model": "auth.permission", "pk": 151, "fields": {"name": "Can delete basket", "content_type": 38, "codename": "delete_basket"}}, {"model": "auth.permission", "pk": 152, "fields": {"name": "Can view basket", "content_type": 38, "codename": "view_basket"}}, {"model": "auth.permission", "pk": 153, "fields": {"name": "Can add auth app", "content_type": 39, "codename": "add_authapp"}}, {"model": "auth.permission", "pk": 154, "fields": {"name": "Can change auth app", "content_type": 39, "codename": "change_authapp"}}, {"model": "auth.permission", "pk": 155, "fields": {"name": "Can delete auth app", "content_type": 39, "codename": "delete_authapp"}}, {"model": "auth.permission", "pk": 156, "fields": {"name": "Can view auth app", "content_type": 39, "codename": "view_authapp"}}, {"model": "auth.permission", "pk": 157, "fields": {"name": "Can add order", "content_type": 40, "codename": "add_order"}}, {"model": "auth.permission", "pk": 158, "fields": {"name": "Can change order", "content_type": 40, "codename": "change_order"}}, {"model": "auth.permission", "pk": 159, "fields": {"name": "Can delete order", "content_type": 40, "codename": "delete_order"}}, {"model": "auth.permission", "pk": 160, "fields": {"name": "Can view order", "content_type": 40, "codename": "view_order"}}, {"model": "auth.permission", "pk": 161, "fields": {"name": "Can add order item", "content_type": 41, "codename": "add_orderitem"}}, {"model": "auth.permission", "pk": 162, "fields": {"name": "Can change order item", "content_type": 41, "codename": "change_orderitem"}}, {"model": "auth.permission", "pk": 163, "fields": {"name": "Can delete order item", "content_type": 41, "codename": "delete_orderitem"}}, {"model": "auth.permission", "pk": 164, "fields": {"name": "Can view order item", "content_type": 41, "codename": "view_orderitem"}}, {"model": "auth.permission", "pk": 165, "fields": {"name": "Can add user social auth", "content_type": 42, "codename": "add_usersocialauth"}}, {"model": "auth.permission", "pk": 166, "fields": {"name": "Can change user social auth", "content_type": 42, "codename": "change_usersocialauth"}}, {"model": "auth.permission", "pk": 167, "fields": {"name": "Can delete user social auth", "content_type": 42, "codename": "delete_usersocialauth"}}, {"model": "auth.permission", "pk": 168, "fields": {"name": "Can view user social auth", "content_type": 42, "codename": "view_usersocialauth"}}, {"model": "auth.permission", "pk": 169, "fields": {"name": "Can add nonce", "content_type": 43, "codename": "add_nonce"}}, {"model": "auth.permission", "pk": 170, "fields": {"name": "Can change nonce", "content_type": 43, "codename": "change_nonce"}}, {"model": "auth.permission", "pk": 171, "fields": {"name": "Can delete nonce", "content_type": 43, "codename": "delete_nonce"}}, {"model": "auth.permission", "pk": 172, "fields": {"name": "Can view nonce", "content_type": 43, "codename": "view_nonce"}}, {"model": "auth.permission", "pk": 173, "fields": {"name": "Can add association", "content_type": 44, "codename": "add_association"}}, {"model": "auth.permission", "pk": 174, "fields": {"name": "Can change association", "content_type": 44, "codename": "change_association"}}, {"model": "auth.permission", "pk": 175, "fields": {"name": "Can delete association", "content_type": 44, "codename": "delete_association"}}, {"model": "auth.permission", "pk": 176, "fields": {"name": "Can view association", "content_type": 44, "codename": "view_association"}}, {"model": "auth.permission", "pk": 177, "fields": {"name": "Can add code", "content_type": 45, "codename": "add_code"}}, {"model": "auth.permission", "pk": 178, "fields": {"name": "Can change code", "content_type": 45, "codename": "change_code"}}, {"model": "auth.permission", "pk": 179, "fields": {"name": "Can delete code", "content_type": 45, "codename": "delete_code"}}, {"model": "auth.permission", "pk": 180, "fields": {"name": "Can view code", "content_type": 45, "codename": "view_code"}}, {"model": "auth.permission", "pk": 181, "fields": {"name": "Can add partial", "content_type": 46, "codename": "add_partial"}}, {"model": "auth.permission", "pk": 182, "fields": {"name": "Can change partial", "content_type": 46, "codename": "change_partial"}}, {"model": "auth.permission", "pk": 183, "fields": {"name": "Can delete partial", "content_type": 46, "codename": "delete_partial"}}, {"model": "auth.permission", "pk": 184, "fields": {"name": "Can view partial", "content_type": 46, "codename": "view_partial"}}, {"model": "sessions.session", "pk": "4tto5xc0yukkfbxplbl5fuqgdiddcup2", "fields": {"session_data": "ZmZmMDkyOTI4OWNhYmM2ZDkxMmExNjU0ODEzNTZhYzg0MmNiMDhmZjp7Im5leHQiOiIvIiwiZ29vZ2xlLW9hdXRoMl9zdGF0ZSI6Ik5nNWtSZ2ZkUm1QM2ZnSGRqdmREZFM4aERwczV4SVVyIiwiX2F1dGhfdXNlcl9pZCI6IjIiLCJfYXV0aF91c2VyX2JhY2tlbmQiOiJzb2NpYWxfY29yZS5iYWNrZW5kcy5nb29nbGUuR29vZ2xlT0F1dGgyIiwiX2F1dGhfdXNlcl9oYXNoIjoiNzVkY2EwZWI3NjUzYmUzMWVlNDg1ODMyZmI1NDQ3OTljYjIyZmJjZSIsInNvY2lhbF9hdXRoX2xhc3RfbG9naW5fYmFja2VuZCI6Imdvb2dsZS1vYXV0aDIifQ==", "expire_date": "2019-01-28T12:39:32.197Z"}}, {"model": "sessions.session", "pk": "8kvx39jc773zerovgj00hgf4ykoh6uvp", "fields": {"session_data": "YTEyZTc5NzUxZjdkODcyZWU3OGM1NjQ2MTBlODIyZmQ2YjNlNTdhODp7Il9hdXRoX3VzZXJfaWQiOiIxIiwiX2F1dGhfdXNlcl9iYWNrZW5kIjoiZGphbmdvLmNvbnRyaWIuYXV0aC5iYWNrZW5kcy5Nb2RlbEJhY2tlbmQiLCJfYXV0aF91c2VyX2hhc2giOiIwYTZjYzYyYTRhZjc0Nzc1MmU2MGQ4YTBjNDA0NTdlOThlODY4MmQ4In0=", "expire_date": "2019-01-07T13:04:15.260Z"}}, {"model": "sessions.session", "pk": "n294eh8vu8u7kwlvrhbqv5z3k3m2x6fe", "fields": {"session_data": "YTEyZTc5NzUxZjdkODcyZWU3OGM1NjQ2MTBlODIyZmQ2YjNlNTdhODp7Il9hdXRoX3VzZXJfaWQiOiIxIiwiX2F1dGhfdXNlcl9iYWNrZW5kIjoiZGphbmdvLmNvbnRyaWIuYXV0aC5iYWNrZW5kcy5Nb2RlbEJhY2tlbmQiLCJfYXV0aF91c2VyX2hhc2giOiIwYTZjYzYyYTRhZjc0Nzc1MmU2MGQ4YTBjNDA0NTdlOThlODY4MmQ4In0=", "expire_date": "2019-01-12T14:58:51.929Z"}}, {"model": "sessions.session", "pk": "qwt5w2rpn0qpuohl1qmjhw8mj9tzd46x", "fields": {"session_data": "ZDZmOWI3ZTlkMmI3ZmE4MjkxNzkwOGE2YTY3M2FmZDNkMDlhNDRhNTp7Im5leHQiOiIvIiwiZ29vZ2xlLW9hdXRoMl9zdGF0ZSI6InZlcm4yb2RtdkIyNm9OdHZjNTR6V3lrbkRRRXB1WXI5IiwiX2F1dGhfdXNlcl9pZCI6IjIiLCJfYXV0aF91c2VyX2JhY2tlbmQiOiJzb2NpYWxfY29yZS5iYWNrZW5kcy5nb29nbGUuR29vZ2xlT0F1dGgyIiwiX2F1dGhfdXNlcl9oYXNoIjoiNzVkY2EwZWI3NjUzYmUzMWVlNDg1ODMyZmI1NDQ3OTljYjIyZmJjZSIsInNvY2lhbF9hdXRoX2xhc3RfbG9naW5fYmFja2VuZCI6Imdvb2dsZS1vYXV0aDIifQ==", "expire_date": "2019-01-28T17:51:19.521Z"}}, {"model": "sessions.session", "pk": "t8kku3t6qtl8z7zn2qaqcy65c33vu6oc", "fields": {"session_data": "ZWEyMGI3NDUxODEwNDBiNTJiNjlmNmExZTY1NmNkNDcwZWNkZjZmNTp7Im5leHQiOiIvYXJ0aWNsZXMvbGlzdC8iLCJ2ay1vYXV0aDJfc3RhdGUiOiJ5ejh3eWN5TjlRbWpjWHFCTjVxbmhjRHg3dlh4SURxUyJ9", "expire_date": "2019-01-10T15:00:21.581Z"}}, {"model": "main.author", "pk": 1, "fields": {"name": "Jack", "lastname": "Black", "photo": "authors/Livello_28.jpg", "created": "2018-12-20T08:48:39.674Z", "modified": "2018-12-20T08:48:39.674Z"}}, {"model": "main.author", "pk": 2, "fields": {"name": "Mary", "lastname": "Contrary", "photo": "authors/\u0432\u043e\u0440\u043e\u043d\u0430.jpg", "created": "2018-12-23T15:24:24.903Z", "modified": "2018-12-23T15:24:24.904Z"}}, {"model": "main.mainpagecontent", "pk": 1, "fields": {"chapter": "chapt 1", "content": "Zombie ipsum reversus ab viral inferno, nam rick grimes malum cerebro. De carne lumbering animata corpora quaeritis. Summus brains sit\u200b\u200b, morbo vel maleficia? De apocalypsi gorger omero undead survivor dictum mauris. Hi mindless mortuis soulless creaturas, imo evil stalking monstra adventus resi dentevil vultus comedat cerebella viventium. Qui animated corpse, cricket bat max brucks terribilem incessu zomby. The voodoo sacerdos flesh eater, suscitat mortuos comedere carnem virus. Zonbi tattered for solum oculi eorum defunctis go lum cerebro. Nescio brains an Undead zombies. Sicut malus putrid voodoo horror. Nigh tofth eliv ingdead.", "author": 1, "created": "2018-12-20T08:50:28.001Z", "modified": "2018-12-20T08:50:28.001Z"}}, {"model": "main.mainpagecontent", "pk": 2, "fields": {"chapter": "Chapter 2", "content": "Pet me pet me pet me pet me, bite, scratch, why are you petting me and sometimes switches in french and say \"miaou\" just because well why not dream about hunting birds kitty kitty. Stand with legs in litter box, but poop outside instantly break out into full speed gallop across the house for no reason pet my belly, you know you want to; seize the hand and shred it! yet lies down , yet tickle my belly at your own peril i will pester for food when you're in the kitchen even if it's salad . Push your water glass on the floor purr when being pet kitty poochy for stuff and things or stare out cat door then go back inside refuse to drink water except out of someone's glass fish i must find my red catnip fishy fish. Fight an alligator and win kitty poochy so climb leg. Be superior sit on human they not getting up ever but why must they do that, but meowwww i heard this rumor where the humans are our owners, pfft, what do they know?! yet purr like an angel cry louder at reflection. Allways wanting food then cats take over the world. Eat plants, meow, and throw up because i ate plants chase ball of string. Stare at guinea pigs sleep in the bathroom sink and flee in terror at cucumber discovered on floor for knock over christmas tree woops poop hanging from butt must get rid run run around house drag poop on floor maybe it comes off woops left brown marks on floor human slave clean lick butt now and lick arm hair carefully drink from water glass and then spill it everywhere and proceed to lick the puddle. Attack the child. Spill litter box, scratch at owner, destroy all furniture, especially couch nap all day shake treat bag. I shredded your linens for you have a lot of grump in yourself because you can't forget to be grumpy and not be like king grumpy cat, so knock dish off table head butt cant eat out of my own dish for hiding behind the couch until lured out by a feathery toy so chase imaginary bugs i love cuddles. Chew the plant. Purr when being pet if it fits, i sits, check cat door for ambush 10 times before coming in so my water bowl is clean and freshly replenished, so i'll drink from the toilet meow hiss at vacuum cleaner have my breakfast spaghetti yarn. Hiding behind the couch until lured out by a feathery toy. Fat baby cat best buddy little guy scamper but love you, then bite you so be superior jump around on couch, meow constantly until given food, yet love blinks and purr purr purr purr yawn. My left donut is missing, as is my right making sure that fluff gets into the owner's eyes sleep on my human's head that box? i can fit in that box. I hate cucumber pls dont throw it at me swat at dog. Eat owner's food find something else more interesting stare at owner accusingly then wink but scratch my tummy actually i hate you now fight me. Poop in litter box, scratch the walls then cats take over the world but grab pompom in mouth and put in water dish, kitty power poop on grasses attempt to leap between furniture but woefully miscalibrate and bellyflop onto the floor; what's your problem? i meant to do that now i shall wash myself intently. Scratch the box caticus cuteicus. Wack the mini furry mouse i'm bored inside, let me out i'm lonely outside, let me in i can't make up my mind whether to go in or out, guess i'll just stand partway in and partway out, contemplating the universe for half an hour how dare you nudge me with your foot?!?! leap into the air in greatest offense! claw at curtains stretch and yawn nibble on tuna ignore human bite human hand really likes hummus pet me pet me don't pet me yet this human feeds me, i should be a god for catch mouse and gave it as a present. Attack feet stinky cat yet chew on cable knock dish off table head butt cant eat out of my own dish but meowwww. Tickle my belly at your own peril i will pester for food when you're in the kitchen even if it's salad loved it, hated it, loved it, hated it i like big cats and i can not lie. Headbutt owner's knee unwrap toilet paper. Mew chase mice, but somehow manage to catch a bird but have no idea what to do next, so play with it until it dies of shock mewl for food at 4am.", "author": 2, "created": "2018-12-24T09:46:11.040Z", "modified": "2018-12-24T09:46:11.040Z"}}, {"model": "products.category", "pk": 1, "fields": {"name": "Category_1", "short_text": "this is category's description", "created": "2018-12-19T21:26:40.247Z", "modified": "2018-12-29T13:23:05.302Z"}}, {"model": "products.category", "pk": 2, "fields": {"name": "Category_2", "short_text": null, "created": "2018-12-19T21:26:40.382Z", "modified": "2018-12-19T21:26:40.382Z"}}, {"model": "products.category", "pk": 3, "fields": {"name": "Category_3", "short_text": null, "created": "2018-12-19T21:26:40.516Z", "modified": "2018-12-19T21:26:40.516Z"}}, {"model": "products.category", "pk": 4, "fields": {"name": "Category_4", "short_text": "Some short text for category 4", "created": "2018-12-19T21:26:40.638Z", "modified": "2018-12-29T13:16:22.177Z"}}, {"model": "products.category", "pk": 5, "fields": {"name": "Category_5", "short_text": null, "created": "2018-12-19T21:26:40.771Z", "modified": "2018-12-19T21:26:40.771Z"}}, {"model": "products.category", "pk": 6, "fields": {"name": "Category_6", "short_text": null, "created": "2018-12-19T21:26:40.894Z", "modified": "2018-12-19T21:26:40.894Z"}}, {"model": "products.category", "pk": 7, "fields": {"name": "Category_7", "short_text": null, "created": "2018-12-19T21:26:41.015Z", "modified": "2018-12-19T21:26:41.015Z"}}, {"model": "products.category", "pk": 8, "fields": {"name": "Category_8", "short_text": null, "created": "2018-12-19T21:26:41.138Z", "modified": "2018-12-19T21:26:41.138Z"}}, {"model": "products.category", "pk": 9, "fields": {"name": "Category_9", "short_text": null, "created": "2018-12-19T21:26:41.319Z", "modified": "2018-12-19T21:26:41.319Z"}}, {"model": "products.category", "pk": 10, "fields": {"name": "Category_10", "short_text": null, "created": "2018-12-19T21:26:41.470Z", "modified": "2018-12-19T21:26:41.470Z"}}, {"model": "products.category", "pk": 11, "fields": {"name": "New category", "short_text": "this is new category", "created": "2018-12-29T11:20:37.097Z", "modified": "2018-12-29T11:20:37.097Z"}}, {"model": "products.productmarker", "pk": 1, "fields": {"corner": "corner_new"}}, {"model": "products.productmarker", "pk": 2, "fields": {"corner": "corner_hot"}}, {"model": "products.productmarker", "pk": 3, "fields": {"corner": "None"}}, {"model": "products.product", "pk": 1, "fields": {"name": "Product_1", "short_text": "Product short text", "long_text": "Product long text", "now_price": "1165.00", "old_price": "1638.00", "currency": "\u20bd", "product_marker": 3, "category": 6, "image": 13, "created": "2018-12-19T21:26:42.038Z", "modified": "2019-01-16T14:36:20.963Z", "is_active": true, "quantity": 12}}, {"model": "products.product", "pk": 2, "fields": {"name": "Product_2", "short_text": "Product short text", "long_text": "Product long text", "now_price": "1283.00", "old_price": "1861.00", "currency": "\u20bd", "product_marker": 2, "category": 6, "image": 13, "created": "2018-12-19T21:26:42.194Z", "modified": "2019-01-14T18:31:29.242Z", "is_active": true, "quantity": 4}}, {"model": "products.product", "pk": 3, "fields": {"name": "Product_3", "short_text": "Product short text", "long_text": "Product long text", "now_price": "1091.00", "old_price": "1522.00", "currency": "\u20bd", "product_marker": 1, "category": 6, "image": 9, "created": "2018-12-19T21:26:42.350Z", "modified": "2019-01-14T18:31:08.107Z", "is_active": true, "quantity": 23}}, {"model": "products.product", "pk": 4, "fields": {"name": "Product_4", "short_text": "Product short text", "long_text": "Product long text", "now_price": "1479.00", "old_price": "1704.00", "currency": "\u20bd", "product_marker": 2, "category": 2, "image": 16, "created": "2018-12-19T21:26:42.505Z", "modified": "2019-01-13T21:07:01.613Z", "is_active": true, "quantity": 6}}, {"model": "products.product", "pk": 5, "fields": {"name": "Product_5", "short_text": "Product short text", "long_text": "Product long text", "now_price": "1313.00", "old_price": "1682.00", "currency": "\u20bd", "product_marker": 2, "category": 5, "image": 14, "created": "2018-12-19T21:26:42.667Z", "modified": "2019-01-01T12:04:27.992Z", "is_active": true, "quantity": 11}}, {"model": "products.product", "pk": 6, "fields": {"name": "Product_6", "short_text": "Product short text", "long_text": "Product long text", "now_price": "1402.00", "old_price": "1868.00", "currency": "\u20bd", "product_marker": 1, "category": 1, "image": 15, "created": "2018-12-19T21:26:42.793Z", "modified": "2019-01-01T11:04:17.755Z", "is_active": true, "quantity": 11}}, {"model": "products.product", "pk": 7, "fields": {"name": "Product_7", "short_text": "Product short text", "long_text": "Product long text", "now_price": "1031.00", "old_price": "1638.00", "currency": "\u20bd", "product_marker": 3, "category": 10, "image": 13, "created": "2018-12-19T21:26:42.937Z", "modified": "2019-01-01T11:04:17.900Z", "is_active": true, "quantity": 5}}, {"model": "products.product", "pk": 8, "fields": {"name": "Product_8", "short_text": "Product short text", "long_text": "Product long text", "now_price": "1475.00", "old_price": "1678.00", "currency": "\u20bd", "product_marker": 2, "category": 5, "image": 9, "created": "2018-12-19T21:26:43.093Z", "modified": "2019-01-10T14:01:26.185Z", "is_active": true, "quantity": 11}}, {"model": "products.product", "pk": 9, "fields": {"name": "Product_9", "short_text": "Product short text", "long_text": "Product long text", "now_price": "1168.00", "old_price": "1524.00", "currency": "\u20bd", "product_marker": 2, "category": 1, "image": 16, "created": "2018-12-19T21:26:43.237Z", "modified": "2019-01-01T14:31:07.481Z", "is_active": true, "quantity": 5}}, {"model": "products.product", "pk": 10, "fields": {"name": "Product_10", "short_text": "Product short text", "long_text": "Product long text", "now_price": "1032.00", "old_price": "1629.00", "currency": "\u20bd", "product_marker": 2, "category": 4, "image": 16, "created": "2018-12-19T21:26:43.370Z", "modified": "2019-01-01T14:16:12.533Z", "is_active": true, "quantity": 13}}, {"model": "products.product", "pk": 11, "fields": {"name": "Product_11", "short_text": "Product short text", "long_text": "Product long text", "now_price": "1217.00", "old_price": "1767.00", "currency": "\u20bd", "product_marker": 2, "category": 8, "image": 13, "created": "2018-12-19T21:26:43.516Z", "modified": "2019-01-14T20:51:43.077Z", "is_active": true, "quantity": 12}}, {"model": "products.product", "pk": 12, "fields": {"name": "Product_12", "short_text": "Product short text", "long_text": "Product long text", "now_price": "1297.00", "old_price": "1850.00", "currency": "\u20bd", "product_marker": 2, "category": 3, "image": 9, "created": "2018-12-19T21:26:43.660Z", "modified": "2018-12-19T21:26:43.660Z", "is_active": true, "quantity": 7}}, {"model": "products.product", "pk": 13, "fields": {"name": "Product_13", "short_text": "Product short text", "long_text": "Product long text", "now_price": "1207.00", "old_price": "1838.00", "currency": "\u20bd", "product_marker": 3, "category": 4, "image": 16, "created": "2018-12-19T21:26:43.793Z", "modified": "2018-12-19T21:26:43.793Z", "is_active": true, "quantity": 7}}, {"model": "products.product", "pk": 14, "fields": {"name": "Product_14", "short_text": "Product short text", "long_text": "Product long text", "now_price": "1241.00", "old_price": "1887.00", "currency": "\u20bd", "product_marker": 1, "category": 2, "image": 11, "created": "2018-12-19T21:26:43.926Z", "modified": "2019-01-10T20:34:00.804Z", "is_active": true, "quantity": 5}}, {"model": "products.product", "pk": 15, "fields": {"name": "Product_15", "short_text": "Product short text", "long_text": "Product long text", "now_price": "1490.00", "old_price": "1599.00", "currency": "\u20bd", "product_marker": 3, "category": 7, "image": 16, "created": "2018-12-19T21:26:44.081Z", "modified": "2018-12-19T21:26:44.081Z", "is_active": true, "quantity": 5}}, {"model": "products.product", "pk": 16, "fields": {"name": "Product_16", "short_text": "Product short text", "long_text": "Product long text", "now_price": "1287.00", "old_price": "1949.00", "currency": "\u20bd", "product_marker": 3, "category": 6, "image": 11, "created": "2018-12-19T21:26:44.236Z", "modified": "2018-12-19T21:26:44.236Z", "is_active": true, "quantity": 11}}, {"model": "products.product", "pk": 17, "fields": {"name": "Product_17", "short_text": "Product short text", "long_text": "Product long text", "now_price": "1233.00", "old_price": "1864.00", "currency": "\u20bd", "product_marker": 3, "category": 4, "image": 10, "created": "2018-12-19T21:26:44.381Z", "modified": "2019-01-10T20:32:18.270Z", "is_active": true, "quantity": 2}}, {"model": "products.product", "pk": 18, "fields": {"name": "Product_18", "short_text": "Product short text", "long_text": "Product long text", "now_price": "1294.00", "old_price": "1711.00", "currency": "\u20bd", "product_marker": 1, "category": 4, "image": 11, "created": "2018-12-19T21:26:44.526Z", "modified": "2018-12-19T21:26:44.526Z", "is_active": true, "quantity": 6}}, {"model": "products.product", "pk": 19, "fields": {"name": "Product_19", "short_text": "Product short text", "long_text": "Product long text", "now_price": "1273.00", "old_price": "1778.00", "currency": "\u20bd", "product_marker": 1, "category": 9, "image": 9, "created": "2018-12-19T21:26:44.673Z", "modified": "2019-01-10T20:33:58.998Z", "is_active": true, "quantity": 9}}, {"model": "products.product", "pk": 20, "fields": {"name": "Product_20", "short_text": "Product short text", "long_text": "Product long text", "now_price": "1140.00", "old_price": "1775.00", "currency": "\u20bd", "product_marker": 3, "category": 2, "image": 11, "created": "2018-12-19T21:26:44.816Z", "modified": "2019-01-01T12:04:28.258Z", "is_active": true, "quantity": 5}}, {"model": "products.product", "pk": 21, "fields": {"name": "Product_21", "short_text": "Product short text", "long_text": "Product long text", "now_price": "1035.00", "old_price": "1557.00", "currency": "\u20bd", "product_marker": 1, "category": 4, "image": 10, "created": "2018-12-19T21:26:44.972Z", "modified": "2018-12-31T18:49:58.533Z", "is_active": true, "quantity": 5}}, {"model": "products.product", "pk": 22, "fields": {"name": "Product_22", "short_text": "Product short text", "long_text": "Product long text", "now_price": "1267.00", "old_price": "1627.00", "currency": "\u20bd", "product_marker": 2, "category": 3, "image": 16, "created": "2018-12-19T21:26:45.104Z", "modified": "2018-12-19T21:26:45.104Z", "is_active": true, "quantity": 12}}, {"model": "products.product", "pk": 23, "fields": {"name": "Product_23", "short_text": "Product short text", "long_text": "Product long text", "now_price": "1448.00", "old_price": "1526.00", "currency": "\u20bd", "product_marker": 1, "category": 1, "image": 14, "created": "2018-12-19T21:26:45.249Z", "modified": "2018-12-19T21:26:45.250Z", "is_active": true, "quantity": 11}}, {"model": "products.product", "pk": 24, "fields": {"name": "Product_24", "short_text": "Product short text", "long_text": "Product long text", "now_price": "1377.00", "old_price": "1810.00", "currency": "\u20bd", "product_marker": 2, "category": 10, "image": 12, "created": "2018-12-19T21:26:45.415Z", "modified": "2018-12-19T21:26:45.415Z", "is_active": true, "quantity": 11}}, {"model": "products.product", "pk": 25, "fields": {"name": "Product_25", "short_text": "Product short text", "long_text": "Product long text", "now_price": "1184.00", "old_price": "1888.00", "currency": "\u20bd", "product_marker": 3, "category": 7, "image": 11, "created": "2018-12-19T21:26:45.559Z", "modified": "2018-12-19T21:26:45.559Z", "is_active": true, "quantity": 15}}, {"model": "products.product", "pk": 26, "fields": {"name": "Product_26", "short_text": "Product short text", "long_text": "Product long text", "now_price": "1073.00", "old_price": "1660.00", "currency": "\u20bd", "product_marker": 1, "category": 7, "image": 14, "created": "2018-12-19T21:26:45.703Z", "modified": "2018-12-19T21:26:45.703Z", "is_active": true, "quantity": 11}}, {"model": "products.product", "pk": 27, "fields": {"name": "Product_27", "short_text": "Product short text", "long_text": "Product long text", "now_price": "1463.00", "old_price": "1893.00", "currency": "\u20bd", "product_marker": 3, "category": 5, "image": 14, "created": "2018-12-19T21:26:45.849Z", "modified": "2018-12-19T21:26:45.849Z", "is_active": true, "quantity": 5}}, {"model": "products.product", "pk": 28, "fields": {"name": "Product_28", "short_text": "Product short text", "long_text": "Product long text", "now_price": "1452.00", "old_price": "1805.00", "currency": "\u20bd", "product_marker": 1, "category": 6, "image": 13, "created": "2018-12-19T21:26:45.981Z", "modified": "2019-01-10T16:33:21.952Z", "is_active": true, "quantity": 8}}, {"model": "products.product", "pk": 29, "fields": {"name": "Product_29", "short_text": "Product short text", "long_text": "Product long text", "now_price": "1433.00", "old_price": "1804.00", "currency": "\u20bd", "product_marker": 3, "category": 4, "image": 13, "created": "2018-12-19T21:26:46.139Z", "modified": "2018-12-19T21:26:46.139Z", "is_active": true, "quantity": 13}}, {"model": "products.product", "pk": 30, "fields": {"name": "Product_30", "short_text": "Product short text", "long_text": "Product long text", "now_price": "1132.00", "old_price": "1792.00", "currency": "\u20bd", "product_marker": 2, "category": 1, "image": 16, "created": "2018-12-19T21:26:46.271Z", "modified": "2018-12-19T21:26:46.271Z", "is_active": true, "quantity": 12}}, {"model": "products.product", "pk": 31, "fields": {"name": "Product_31", "short_text": "Product short text", "long_text": "Product long text", "now_price": "1054.00", "old_price": "1702.00", "currency": "\u20bd", "product_marker": 2, "category": 6, "image": 12, "created": "2018-12-19T21:26:46.416Z", "modified": "2018-12-19T21:26:46.416Z", "is_active": true, "quantity": 15}}, {"model": "products.product", "pk": 32, "fields": {"name": "Product_32", "short_text": "Product short text", "long_text": "Product long text", "now_price": "1123.00", "old_price": "1556.00", "currency": "\u20bd", "product_marker": 2, "category": 8, "image": 15, "created": "2018-12-19T21:26:46.559Z", "modified": "2018-12-19T21:26:46.559Z", "is_active": true, "quantity": 15}}, {"model": "products.product", "pk": 33, "fields": {"name": "Product_33", "short_text": "Product short text", "long_text": "Product long text", "now_price": "1376.00", "old_price": "1531.00", "currency": "\u20bd", "product_marker": 1, "category": 8, "image": 15, "created": "2018-12-19T21:26:46.693Z", "modified": "2018-12-19T21:26:46.693Z", "is_active": true, "quantity": 8}}, {"model": "products.product", "pk": 34, "fields": {"name": "Product_34", "short_text": "Product short text", "long_text": "Product long text", "now_price": "1036.00", "old_price": "1616.00", "currency": "\u20bd", "product_marker": 1, "category": 7, "image": 12, "created": "2018-12-19T21:26:46.850Z", "modified": "2018-12-19T21:26:46.850Z", "is_active": true, "quantity": 12}}, {"model": "products.product", "pk": 35, "fields": {"name": "Product_35", "short_text": "Product short text", "long_text": "Product long text", "now_price": "1244.00", "old_price": "1847.00", "currency": "\u20bd", "product_marker": 1, "category": 5, "image": 11, "created": "2018-12-19T21:26:46.993Z", "modified": "2018-12-19T21:26:46.993Z", "is_active": true, "quantity": 8}}, {"model": "products.product", "pk": 36, "fields": {"name": "Product_36", "short_text": "Product short text", "long_text": "Product long text", "now_price": "1148.00", "old_price": "1879.00", "currency": "\u20bd", "product_marker": 1, "category": 7, "image": 16, "created": "2018-12-19T21:26:47.155Z", "modified": "2018-12-31T10:33:20.009Z", "is_active": true, "quantity": 3}}, {"model": "products.product", "pk": 37, "fields": {"name": "Product_37", "short_text": "Product short text", "long_text": "Product long text", "now_price": "1027.00", "old_price": "1613.00", "currency": "\u20bd", "product_marker": 2, "category": 1, "image": 12, "created": "2018-12-19T21:26:47.282Z", "modified": "2019-01-14T18:25:36.529Z", "is_active": true, "quantity": 0}}, {"model": "products.product", "pk": 38, "fields": {"name": "Product_38", "short_text": "Product short text", "long_text": "Product long text", "now_price": "1015.00", "old_price": "1618.00", "currency": "\u20bd", "product_marker": 1, "category": 6, "image": 9, "created": "2018-12-19T21:26:47.537Z", "modified": "2018-12-19T21:26:47.537Z", "is_active": true, "quantity": 6}}, {"model": "products.product", "pk": 39, "fields": {"name": "Product_39", "short_text": "Product short text", "long_text": "Product long text", "now_price": "1436.00", "old_price": "1951.00", "currency": "\u20bd", "product_marker": 3, "category": 10, "image": 12, "created": "2018-12-19T21:26:47.694Z", "modified": "2018-12-19T21:26:47.694Z", "is_active": true, "quantity": 13}}, {"model": "products.product", "pk": 40, "fields": {"name": "Product_40", "short_text": "Product short text", "long_text": "Product long text", "now_price": "1351.00", "old_price": "1510.00", "currency": "\u20bd", "product_marker": 1, "category": 4, "image": 15, "created": "2018-12-19T21:26:47.841Z", "modified": "2019-01-03T11:29:58.954Z", "is_active": true, "quantity": 9}}, {"model": "products.product", "pk": 41, "fields": {"name": "Product_41", "short_text": "Product short text", "long_text": "Product long text", "now_price": "1460.00", "old_price": "1824.00", "currency": "\u20bd", "product_marker": 2, "category": 8, "image": 14, "created": "2018-12-19T21:26:47.972Z", "modified": "2018-12-19T21:26:47.972Z", "is_active": true, "quantity": 9}}, {"model": "products.product", "pk": 42, "fields": {"name": "Product_42", "short_text": "Product short text", "long_text": "Product long text", "now_price": "1400.00", "old_price": "1697.00", "currency": "\u20bd", "product_marker": 1, "category": 3, "image": 9, "created": "2018-12-19T21:26:48.167Z", "modified": "2018-12-19T21:26:48.167Z", "is_active": true, "quantity": 8}}, {"model": "products.product", "pk": 43, "fields": {"name": "Product_43", "short_text": "Product short text", "long_text": "Product long text", "now_price": "1021.00", "old_price": "1570.00", "currency": "\u20bd", "product_marker": 1, "category": 6, "image": 13, "created": "2018-12-19T21:26:48.391Z", "modified": "2018-12-19T21:26:48.392Z", "is_active": true, "quantity": 10}}, {"model": "products.product", "pk": 44, "fields": {"name": "Product_44", "short_text": "Product short text", "long_text": "Product long text", "now_price": "1207.00", "old_price": "1976.00", "currency": "\u20bd", "product_marker": 2, "category": 9, "image": 16, "created": "2018-12-19T21:26:48.628Z", "modified": "2018-12-19T21:26:48.628Z", "is_active": true, "quantity": 6}}, {"model": "products.product", "pk": 45, "fields": {"name": "Product_45", "short_text": "Product short text", "long_text": "Product long text", "now_price": "1481.00", "old_price": "1998.00", "currency": "\u20bd", "product_marker": 3, "category": 7, "image": 14, "created": "2018-12-19T21:26:48.846Z", "modified": "2018-12-19T21:26:48.846Z", "is_active": true, "quantity": 14}}, {"model": "products.product", "pk": 46, "fields": {"name": "Product_46", "short_text": "Product short text", "long_text": "Product long text", "now_price": "1214.00", "old_price": "1655.00", "currency": "\u20bd", "product_marker": 1, "category": 7, "image": 12, "created": "2018-12-19T21:26:49.015Z", "modified": "2018-12-19T21:26:49.015Z", "is_active": true, "quantity": 14}}, {"model": "products.product", "pk": 47, "fields": {"name": "Product_47", "short_text": "Product short text", "long_text": "Product long text", "now_price": "1423.00", "old_price": "1660.00", "currency": "\u20bd", "product_marker": 2, "category": 7, "image": 15, "created": "2018-12-19T21:26:49.179Z", "modified": "2018-12-19T21:26:49.179Z", "is_active": true, "quantity": 5}}, {"model": "products.product", "pk": 48, "fields": {"name": "Product_48", "short_text": "Product short text", "long_text": "Product long text", "now_price": "1176.00", "old_price": "1782.00", "currency": "\u20bd", "product_marker": 2, "category": 4, "image": 15, "created": "2018-12-19T21:26:49.368Z", "modified": "2019-01-16T13:20:13.493Z", "is_active": true, "quantity": 9}}, {"model": "products.product", "pk": 49, "fields": {"name": "Product_49", "short_text": "Product short text", "long_text": "Product long text", "now_price": "1362.00", "old_price": "1769.00", "currency": "\u20bd", "product_marker": 1, "category": 9, "image": 15, "created": "2018-12-19T21:26:49.612Z", "modified": "2018-12-19T21:26:49.612Z", "is_active": true, "quantity": 8}}, {"model": "products.product", "pk": 50, "fields": {"name": "Product_50", "short_text": "Product short text", "long_text": "Product long text", "now_price": "1246.00", "old_price": "1779.00", "currency": "\u20bd", "product_marker": 3, "category": 3, "image": 15, "created": "2018-12-19T21:26:49.779Z", "modified": "2019-01-10T20:34:04.080Z", "is_active": true, "quantity": 20}}, {"model": "images.image", "pk": 9, "fields": {"name": "default.jpg", "img": "default.jpg"}}, {"model": "images.image", "pk": 10, "fields": {"name": "img_1.jpg", "img": "img_1.jpg"}}, {"model": "images.image", "pk": 11, "fields": {"name": "img_2.jpg", "img": "img_2.jpg"}}, {"model": "images.image", "pk": 12, "fields": {"name": "img_3.jpg", "img": "img_3.jpg"}}, {"model": "images.image", "pk": 13, "fields": {"name": "img_4.jpg", "img": "img_4.jpg"}}, {"model": "images.image", "pk": 14, "fields": {"name": "img_5.jpg", "img": "img_5.jpg"}}, {"model": "images.image", "pk": 15, "fields": {"name": "img_6.jpg", "img": "img_6.jpg"}}, {"model": "images.image", "pk": 16, "fields": {"name": "img_7.jpg", "img": "img_7.jpg"}}, {"model": "customers.customer", "pk": 1, "fields": {"password": "pbkdf2_sha256$120000$UhjPYMrYAfLG$ImsfssURkIP/nSs2joxkSmSfCVplaZYf6+RhiISzupw=", "last_login": "2019-01-12T14:09:59.040Z", "is_superuser": false, "username": "test600", "first_name": "", "last_name": "", "email": "rr@mail.org", "is_staff": false, "is_active": true, "date_joined": "2018-12-19T21:57:16.871Z", "_avatar": "", "birth_date": "1982-07-17", "activation_key": "62799e349d1c8c86f9736712c6d3b8d141091a55", "activation_key_expired": "2018-12-21T21:56:43.855Z", "groups": [], "user_permissions": []}}, {"model": "customers.customer", "pk": 2, "fields": {"password": "!8k07K0x7F5hXWwKNrTfKyqYDeJzYS3vVLRfzYnFQ", "last_login": "2019-01-14T17:51:19.120Z", "is_superuser": true, "username": "evgenyshkryabin", "first_name": "Evgeny", "last_name": "Shkryabin", "email": "evgenyshkryabin@gmail.com", "is_staff": true, "is_active": true, "date_joined": "2018-12-20T08:10:27.853Z", "_avatar": "avatars/\u0441\u043d\u0435\u0433\u043e\u0432\u0438\u043a.jpg", "birth_date": "1982-07-17", "activation_key": null, "activation_key_expired": "2018-12-22T07:17:24.963Z", "groups": [], "user_permissions": []}}, {"model": "customers.customer", "pk": 13, "fields": {"password": "!GikaoT0e5RWPtQ599Y8wlv3zfn6fMFVAeOnDcdyt", "last_login": "2018-12-27T14:10:57.777Z", "is_superuser": false, "username": "45", "first_name": "", "last_name": "", "email": "eshkryabin@yandex.ru", "is_staff": false, "is_active": true, "date_joined": "2018-12-27T14:10:09.078Z", "_avatar": "", "birth_date": "1900-01-25", "activation_key": "2c35b10028c9749a9c2a49d0063122ee852ae099", "activation_key_expired": "2018-12-29T14:09:42.246Z", "groups": [], "user_permissions": []}}, {"model": "customers.customer", "pk": 14, "fields": {"password": "!eW34aAzHsLvs4f7msPX0OZCv3Uq95KFHDvesKnun", "last_login": "2019-01-01T11:15:24.518Z", "is_superuser": false, "username": "id413296497", "first_name": "\u0415\u0432\u0433\u0435\u043d\u0438\u0439", "last_name": "\u0428\u043a\u0440\u044f\u0431\u0438\u043d", "email": "", "is_staff": false, "is_active": true, "date_joined": "2018-12-27T15:02:36.164Z", "_avatar": "", "birth_date": null, "activation_key": null, "activation_key_expired": "2018-12-29T15:00:12.436Z", "groups": [], "user_permissions": []}}, {"model": "customers.customerprofile", "pk": 1, "fields": {"customer": 1, "_age": null, "aboutMe": "", "gender": "M"}}, {"model": "customers.customerprofile", "pk": 2, "fields": {"customer": 2, "_age": 36, "aboutMe": "Smth interesting about me\r\nYes", "gender": "M"}}, {"model": "customers.customerprofile", "pk": 13, "fields": {"customer": 13, "_age": null, "aboutMe": "", "gender": "M"}}, {"model": "customers.customerprofile", "pk": 14, "fields": {"customer": 14, "_age": null, "aboutMe": "", "gender": ""}}, {"model": "basket.basket", "pk": 2, "fields": {"user": 14, "product": 1, "quantity": 1, "add_datetime": "2019-01-01T11:54:42.635Z"}}, {"model": "basket.basket", "pk": 30, "fields": {"user": 1, "product": 1, "quantity": 1, "add_datetime": "2019-01-13T20:47:16.669Z"}}, {"model": "basket.basket", "pk": 31, "fields": {"user": 1, "product": 4, "quantity": 1, "add_datetime": "2019-01-13T20:52:16.078Z"}}, {"model": "basket.basket", "pk": 35, "fields": {"user": 2, "product": 1, "quantity": 1, "add_datetime": "2019-01-14T20:52:16.273Z"}}, {"model": "basket.basket", "pk": 36, "fields": {"user": 2, "product": 48, "quantity": 2, "add_datetime": "2019-01-14T21:23:00.887Z"}}, {"model": "authapp.authapp", "pk": 1, "fields": {"user": 2, "_logup": null, "_login": null, "_logout": "2018-12-20T08:13:14.119Z"}}, {"model": "authapp.authapp", "pk": 2, "fields": {"user": 1, "_logup": null, "_login": "2018-12-20T08:13:24.804Z", "_logout": null}}, {"model": "authapp.authapp", "pk": 3, "fields": {"user": 1, "_logup": null, "_login": null, "_logout": "2018-12-20T08:13:30.375Z"}}, {"model": "authapp.authapp", "pk": 10, "fields": {"user": 2, "_logup": null, "_login": null, "_logout": "2018-12-20T08:47:47.330Z"}}, {"model": "authapp.authapp", "pk": 11, "fields": {"user": 2, "_logup": null, "_login": null, "_logout": "2018-12-24T10:49:47.266Z"}}, {"model": "authapp.authapp", "pk": 18, "fields": {"user": 1, "_logup": null, "_login": "2018-12-27T10:41:09.004Z", "_logout": null}}, {"model": "authapp.authapp", "pk": 19, "fields": {"user": 1, "_logup": null, "_login": null, "_logout": "2018-12-27T11:01:27.460Z"}}, {"model": "authapp.authapp", "pk": 20, "fields": {"user": 1, "_logup": null, "_login": "2018-12-27T11:11:50.543Z", "_logout": null}}, {"model": "authapp.authapp", "pk": 21, "fields": {"user": 1, "_logup": null, "_login": null, "_logout": "2018-12-27T11:12:16.576Z"}}, {"model": "authapp.authapp", "pk": 22, "fields": {"user": 2, "_logup": null, "_login": null, "_logout": "2018-12-27T11:27:56.034Z"}}, {"model": "authapp.authapp", "pk": 23, "fields": {"user": 2, "_logup": null, "_login": null, "_logout": "2018-12-27T11:46:18.081Z"}}, {"model": "authapp.authapp", "pk": 24, "fields": {"user": 2, "_logup": null, "_login": null, "_logout": "2018-12-27T11:52:11.032Z"}}, {"model": "authapp.authapp", "pk": 25, "fields": {"user": 1, "_logup": null, "_login": "2018-12-27T11:52:25.455Z", "_logout": null}}, {"model": "authapp.authapp", "pk": 26, "fields": {"user": 1, "_logup": null, "_login": null, "_logout": "2018-12-27T11:54:09.265Z"}}, {"model": "authapp.authapp", "pk": 30, "fields": {"user": 2, "_logup": null, "_login": null, "_logout": "2018-12-27T12:58:06.218Z"}}, {"model": "authapp.authapp", "pk": 31, "fields": {"user": 2, "_logup": null, "_login": null, "_logout": "2018-12-27T14:09:44.787Z"}}, {"model": "authapp.authapp", "pk": 32, "fields": {"user": 13, "_logup": "2018-12-27T14:10:57.531Z", "_login": null, "_logout": null}}, {"model": "authapp.authapp", "pk": 33, "fields": {"user": 13, "_logup": null, "_login": "2018-12-27T14:10:58.164Z", "_logout": null}}, {"model": "authapp.authapp", "pk": 34, "fields": {"user": 13, "_logup": null, "_login": null, "_logout": "2018-12-27T14:20:32.261Z"}}, {"model": "authapp.authapp", "pk": 35, "fields": {"user": 1, "_logup": null, "_login": null, "_logout": "2018-12-27T14:28:30.600Z"}}, {"model": "ordersapp.order", "pk": 2, "fields": {"user": 2, "created": "2018-12-23T12:17:02.834Z", "modified": "2019-01-01T11:06:26.877Z", "status": "CNC", "is_active": false}}, {"model": "ordersapp.order", "pk": 3, "fields": {"user": 2, "created": "2018-12-27T07:54:01.343Z", "modified": "2019-01-01T11:04:18.033Z", "status": "FM", "is_active": false}}, {"model": "ordersapp.order", "pk": 4, "fields": {"user": 1, "created": "2018-12-29T15:03:52.987Z", "modified": "2018-12-29T16:00:56.939Z", "status": "FM", "is_active": false}}, {"model": "ordersapp.order", "pk": 5, "fields": {"user": 1, "created": "2018-12-29T18:24:03.212Z", "modified": "2018-12-29T18:24:17.171Z", "status": "FM", "is_active": false}}, {"model": "ordersapp.order", "pk": 6, "fields": {"user": 1, "created": "2018-12-31T10:33:14.845Z", "modified": "2018-12-31T10:33:14.845Z", "status": "FM", "is_active": true}}, {"model": "ordersapp.order", "pk": 7, "fields": {"user": 2, "created": "2019-01-01T11:07:41.023Z", "modified": "2019-01-10T16:33:26.737Z", "status": "CNC", "is_active": false}}, {"model": "ordersapp.order", "pk": 8, "fields": {"user": 2, "created": "2019-01-01T11:08:11.827Z", "modified": "2019-01-01T14:31:07.646Z", "status": "CNC", "is_active": false}}, {"model": "ordersapp.order", "pk": 9, "fields": {"user": 14, "created": "2019-01-01T12:04:27.510Z", "modified": "2019-01-01T12:04:27.510Z", "status": "FM", "is_active": true}}, {"model": "ordersapp.order", "pk": 10, "fields": {"user": 2, "created": "2019-01-01T14:05:14.839Z", "modified": "2019-01-01T14:31:02.891Z", "status": "CNC", "is_active": false}}, {"model": "ordersapp.order", "pk": 11, "fields": {"user": 2, "created": "2019-01-01T14:15:58.786Z", "modified": "2019-01-01T14:16:12.709Z", "status": "CNC", "is_active": false}}, {"model": "ordersapp.order", "pk": 12, "fields": {"user": 2, "created": "2019-01-01T14:20:52.382Z", "modified": "2019-01-01T14:30:59.346Z", "status": "CNC", "is_active": false}}, {"model": "ordersapp.order", "pk": 13, "fields": {"user": 2, "created": "2019-01-01T14:22:52.221Z", "modified": "2019-01-01T14:30:54.912Z", "status": "CNC", "is_active": false}}, {"model": "ordersapp.order", "pk": 14, "fields": {"user": 2, "created": "2019-01-01T14:24:19.801Z", "modified": "2019-01-01T14:30:51.259Z", "status": "CNC", "is_active": false}}, {"model": "ordersapp.order", "pk": 15, "fields": {"user": 2, "created": "2019-01-01T14:28:22.158Z", "modified": "2019-01-01T14:30:46.746Z", "status": "CNC", "is_active": false}}, {"model": "ordersapp.order", "pk": 16, "fields": {"user": 2, "created": "2019-01-01T14:30:24.625Z", "modified": "2019-01-01T14:30:42.080Z", "status": "CNC", "is_active": false}}, {"model": "ordersapp.order", "pk": 17, "fields": {"user": 2, "created": "2019-01-01T14:32:08.357Z", "modified": "2019-01-01T16:09:39.262Z", "status": "CNC", "is_active": false}}, {"model": "ordersapp.order", "pk": 18, "fields": {"user": 2, "created": "2019-01-01T16:00:24.390Z", "modified": "2019-01-01T16:09:35.495Z", "status": "CNC", "is_active": false}}, {"model": "ordersapp.order", "pk": 19, "fields": {"user": 2, "created": "2019-01-01T16:03:31.608Z", "modified": "2019-01-01T16:09:31.628Z", "status": "CNC", "is_active": false}}, {"model": "ordersapp.order", "pk": 20, "fields": {"user": 2, "created": "2019-01-01T16:22:55.326Z", "modified": "2019-01-12T13:11:50.410Z", "status": "CNC", "is_active": false}}, {"model": "ordersapp.order", "pk": 21, "fields": {"user": 2, "created": "2019-01-01T16:45:44.061Z", "modified": "2019-01-14T18:31:08.308Z", "status": "CNC", "is_active": false}}, {"model": "ordersapp.order", "pk": 22, "fields": {"user": 2, "created": "2019-01-03T10:45:29.592Z", "modified": "2019-01-14T18:31:21.064Z", "status": "CNC", "is_active": false}}, {"model": "ordersapp.order", "pk": 23, "fields": {"user": 2, "created": "2019-01-03T10:45:55.223Z", "modified": "2019-01-10T16:33:10.005Z", "status": "CNC", "is_active": false}}, {"model": "ordersapp.order", "pk": 24, "fields": {"user": 2, "created": "2019-01-12T11:50:51.692Z", "modified": "2019-01-12T13:22:31.023Z", "status": "CNC", "is_active": false}}, {"model": "ordersapp.order", "pk": 25, "fields": {"user": 2, "created": "2019-01-12T13:41:13.741Z", "modified": "2019-01-14T18:31:29.363Z", "status": "CNC", "is_active": false}}, {"model": "ordersapp.order", "pk": 26, "fields": {"user": 1, "created": "2019-01-12T13:45:05.682Z", "modified": "2019-01-12T13:45:05.682Z", "status": "FM", "is_active": true}}, {"model": "ordersapp.order", "pk": 27, "fields": {"user": 1, "created": "2019-01-12T13:49:25.531Z", "modified": "2019-01-12T13:49:25.531Z", "status": "FM", "is_active": true}}, {"model": "ordersapp.order", "pk": 28, "fields": {"user": 2, "created": "2019-01-14T15:47:59.540Z", "modified": "2019-01-14T15:47:59.540Z", "status": "FM", "is_active": true}}, {"model": "ordersapp.order", "pk": 29, "fields": {"user": 2, "created": "2019-01-14T16:17:24.370Z", "modified": "2019-01-14T18:25:36.518Z", "status": "FM", "is_active": true}}, {"model": "ordersapp.order", "pk": 30, "fields": {"user": 2, "created": "2019-01-14T20:51:29.643Z", "modified": "2019-01-14T20:51:43.060Z", "status": "FM", "is_active": true}}, {"model": "ordersapp.orderitem", "pk": 4, "fields": {"order": 2, "product": 10, "quantity": 2}}, {"model": "ordersapp.orderitem", "pk": 5, "fields": {"order": 3, "product": 2, "quantity": 4}}, {"model": "ordersapp.orderitem", "pk": 6, "fields": {"order": 3, "product": 6, "quantity": 3}}, {"model": "ordersapp.orderitem", "pk": 7, "fields": {"order": 3, "product": 7, "quantity": 2}}, {"model": "ordersapp.orderitem", "pk": 9, "fields": {"order": 4, "product": 4, "quantity": 2}}, {"model": "ordersapp.orderitem", "pk": 10, "fields": {"order": 5, "product": 1, "quantity": 1}}, {"model": "ordersapp.orderitem", "pk": 11, "fields": {"order": 5, "product": 2, "quantity": 2}}, {"model": "ordersapp.orderitem", "pk": 12, "fields": {"order": 5, "product": 6, "quantity": 1}}, {"model": "ordersapp.orderitem", "pk": 13, "fields": {"order": 5, "product": 7, "quantity": 1}}, {"model": "ordersapp.orderitem", "pk": 14, "fields": {"order": 5, "product": 21, "quantity": 1}}, {"model": "ordersapp.orderitem", "pk": 15, "fields": {"order": 6, "product": 1, "quantity": 1}}, {"model": "ordersapp.orderitem", "pk": 16, "fields": {"order": 6, "product": 2, "quantity": 3}}, {"model": "ordersapp.orderitem", "pk": 17, "fields": {"order": 6, "product": 6, "quantity": 1}}, {"model": "ordersapp.orderitem", "pk": 18, "fields": {"order": 6, "product": 7, "quantity": 1}}, {"model": "ordersapp.orderitem", "pk": 19, "fields": {"order": 6, "product": 21, "quantity": 1}}, {"model": "ordersapp.orderitem", "pk": 20, "fields": {"order": 6, "product": 36, "quantity": 2}}, {"model": "ordersapp.orderitem", "pk": 23, "fields": {"order": 8, "product": 3, "quantity": 1}}, {"model": "ordersapp.orderitem", "pk": 24, "fields": {"order": 8, "product": 9, "quantity": 1}}, {"model": "ordersapp.orderitem", "pk": 25, "fields": {"order": 9, "product": 1, "quantity": 1}}, {"model": "ordersapp.orderitem", "pk": 26, "fields": {"order": 9, "product": 5, "quantity": 3}}, {"model": "ordersapp.orderitem", "pk": 27, "fields": {"order": 9, "product": 20, "quantity": 2}}, {"model": "ordersapp.orderitem", "pk": 28, "fields": {"order": 10, "product": 1, "quantity": 2}}, {"model": "ordersapp.orderitem", "pk": 29, "fields": {"order": 11, "product": 10, "quantity": 3}}, {"model": "ordersapp.orderitem", "pk": 30, "fields": {"order": 12, "product": 1, "quantity": 2}}, {"model": "ordersapp.orderitem", "pk": 31, "fields": {"order": 13, "product": 3, "quantity": 1}}, {"model": "ordersapp.orderitem", "pk": 32, "fields": {"order": 14, "product": 3, "quantity": 1}}, {"model": "ordersapp.orderitem", "pk": 33, "fields": {"order": 15, "product": 3, "quantity": 1}}, {"model": "ordersapp.orderitem", "pk": 34, "fields": {"order": 16, "product": 3, "quantity": 1}}, {"model": "ordersapp.orderitem", "pk": 35, "fields": {"order": 17, "product": 1, "quantity": 1}}, {"model": "ordersapp.orderitem", "pk": 36, "fields": {"order": 18, "product": 1, "quantity": 1}}, {"model": "ordersapp.orderitem", "pk": 37, "fields": {"order": 19, "product": 1, "quantity": 1}}, {"model": "ordersapp.orderitem", "pk": 38, "fields": {"order": 20, "product": 1, "quantity": 1}}, {"model": "ordersapp.orderitem", "pk": 39, "fields": {"order": 21, "product": 3, "quantity": 3}}, {"model": "ordersapp.orderitem", "pk": 40, "fields": {"order": 22, "product": 1, "quantity": 1}}, {"model": "ordersapp.orderitem", "pk": 42, "fields": {"order": 24, "product": 1, "quantity": 2}}, {"model": "ordersapp.orderitem", "pk": 43, "fields": {"order": 24, "product": 4, "quantity": 2}}, {"model": "ordersapp.orderitem", "pk": 44, "fields": {"order": 25, "product": 1, "quantity": 1}}, {"model": "ordersapp.orderitem", "pk": 45, "fields": {"order": 25, "product": 2, "quantity": 1}}, {"model": "ordersapp.orderitem", "pk": 46, "fields": {"order": 26, "product": 1, "quantity": 2}}, {"model": "ordersapp.orderitem", "pk": 47, "fields": {"order": 27, "product": 1, "quantity": 1}}, {"model": "ordersapp.orderitem", "pk": 48, "fields": {"order": 28, "product": 37, "quantity": 1}}, {"model": "ordersapp.orderitem", "pk": 49, "fields": {"order": 29, "product": 37, "quantity": 3}}, {"model": "ordersapp.orderitem", "pk": 50, "fields": {"order": 30, "product": 1, "quantity": 2}}, {"model": "ordersapp.orderitem", "pk": 51, "fields": {"order": 30, "product": 11, "quantity": 2}}, {"model": "social_django.usersocialauth", "pk": 1, "fields": {"user": 2, "provider": "google-oauth2", "uid": "evgenyshkryabin@gmail.com", "extra_data": "{\"auth_time\": 1547488278, \"expires\": 3599, \"token_type\": \"Bearer\", \"access_token\": \"ya29.GlyRBtlJvWKxi1nPEKBlpccCr33EGbmcIf211_USpVXmY1BNIQdXNXsbPqBTEzEkLYBuc07Tt7V0drrg_lsN1QxDufAchd-lfjhR42aaivNgCrghAmbTjV0ekiTxMw\"}"}}, {"model": "social_django.usersocialauth", "pk": 2, "fields": {"user": 14, "provider": "vk-oauth2", "uid": "413296497", "extra_data": "{\"auth_time\": 1546341323, \"id\": 413296497, \"expires\": 86399, \"access_token\": \"6bd79353f02f021d78ca8929736126cd1b90d5184e91d96418ec51cb35ae66884eef86983a01df945fa3a\", \"token_type\": null}"}}]