[
  {
    "model": "auth.permission",
    "pk": 1,
    "fields": {
      "name": "Can add log entry",
      "content_type": 1,
      "codename": "add_logentry"
    }
  },
  {
    "model": "auth.permission",
    "pk": 2,
    "fields": {
      "name": "Can change log entry",
      "content_type": 1,
      "codename": "change_logentry"
    }
  },
  {
    "model": "auth.permission",
    "pk": 3,
    "fields": {
      "name": "Can delete log entry",
      "content_type": 1,
      "codename": "delete_logentry"
    }
  },
  {
    "model": "auth.permission",
    "pk": 4,
    "fields": {
      "name": "Can view log entry",
      "content_type": 1,
      "codename": "view_logentry"
    }
  },
  {
    "model": "auth.permission",
    "pk": 5,
    "fields": {
      "name": "Can add permission",
      "content_type": 2,
      "codename": "add_permission"
    }
  },
  {
    "model": "auth.permission",
    "pk": 6,
    "fields": {
      "name": "Can change permission",
      "content_type": 2,
      "codename": "change_permission"
    }
  },
  {
    "model": "auth.permission",
    "pk": 7,
    "fields": {
      "name": "Can delete permission",
      "content_type": 2,
      "codename": "delete_permission"
    }
  },
  {
    "model": "auth.permission",
    "pk": 8,
    "fields": {
      "name": "Can view permission",
      "content_type": 2,
      "codename": "view_permission"
    }
  },
  {
    "model": "auth.permission",
    "pk": 9,
    "fields": {
      "name": "Can add group",
      "content_type": 3,
      "codename": "add_group"
    }
  },
  {
    "model": "auth.permission",
    "pk": 10,
    "fields": {
      "name": "Can change group",
      "content_type": 3,
      "codename": "change_group"
    }
  },
  {
    "model": "auth.permission",
    "pk": 11,
    "fields": {
      "name": "Can delete group",
      "content_type": 3,
      "codename": "delete_group"
    }
  },
  {
    "model": "auth.permission",
    "pk": 12,
    "fields": {
      "name": "Can view group",
      "content_type": 3,
      "codename": "view_group"
    }
  },
  {
    "model": "auth.permission",
    "pk": 13,
    "fields": {
      "name": "Can add content type",
      "content_type": 4,
      "codename": "add_contenttype"
    }
  },
  {
    "model": "auth.permission",
    "pk": 14,
    "fields": {
      "name": "Can change content type",
      "content_type": 4,
      "codename": "change_contenttype"
    }
  },
  {
    "model": "auth.permission",
    "pk": 15,
    "fields": {
      "name": "Can delete content type",
      "content_type": 4,
      "codename": "delete_contenttype"
    }
  },
  {
    "model": "auth.permission",
    "pk": 16,
    "fields": {
      "name": "Can view content type",
      "content_type": 4,
      "codename": "view_contenttype"
    }
  },
  {
    "model": "auth.permission",
    "pk": 17,
    "fields": {
      "name": "Can add session",
      "content_type": 5,
      "codename": "add_session"
    }
  },
  {
    "model": "auth.permission",
    "pk": 18,
    "fields": {
      "name": "Can change session",
      "content_type": 5,
      "codename": "change_session"
    }
  },
  {
    "model": "auth.permission",
    "pk": 19,
    "fields": {
      "name": "Can delete session",
      "content_type": 5,
      "codename": "delete_session"
    }
  },
  {
    "model": "auth.permission",
    "pk": 20,
    "fields": {
      "name": "Can view session",
      "content_type": 5,
      "codename": "view_session"
    }
  },
  {
    "model": "auth.permission",
    "pk": 21,
    "fields": {
      "name": "Can add author",
      "content_type": 6,
      "codename": "add_author"
    }
  },
  {
    "model": "auth.permission",
    "pk": 22,
    "fields": {
      "name": "Can change author",
      "content_type": 6,
      "codename": "change_author"
    }
  },
  {
    "model": "auth.permission",
    "pk": 23,
    "fields": {
      "name": "Can delete author",
      "content_type": 6,
      "codename": "delete_author"
    }
  },
  {
    "model": "auth.permission",
    "pk": 24,
    "fields": {
      "name": "Can view author",
      "content_type": 6,
      "codename": "view_author"
    }
  },
  {
    "model": "auth.permission",
    "pk": 25,
    "fields": {
      "name": "Can add main page content",
      "content_type": 7,
      "codename": "add_mainpagecontent"
    }
  },
  {
    "model": "auth.permission",
    "pk": 26,
    "fields": {
      "name": "Can change main page content",
      "content_type": 7,
      "codename": "change_mainpagecontent"
    }
  },
  {
    "model": "auth.permission",
    "pk": 27,
    "fields": {
      "name": "Can delete main page content",
      "content_type": 7,
      "codename": "delete_mainpagecontent"
    }
  },
  {
    "model": "auth.permission",
    "pk": 28,
    "fields": {
      "name": "Can view main page content",
      "content_type": 7,
      "codename": "view_mainpagecontent"
    }
  },
  {
    "model": "auth.permission",
    "pk": 29,
    "fields": {
      "name": "Can add category",
      "content_type": 8,
      "codename": "add_category"
    }
  },
  {
    "model": "auth.permission",
    "pk": 30,
    "fields": {
      "name": "Can change category",
      "content_type": 8,
      "codename": "change_category"
    }
  },
  {
    "model": "auth.permission",
    "pk": 31,
    "fields": {
      "name": "Can delete category",
      "content_type": 8,
      "codename": "delete_category"
    }
  },
  {
    "model": "auth.permission",
    "pk": 32,
    "fields": {
      "name": "Can view category",
      "content_type": 8,
      "codename": "view_category"
    }
  },
  {
    "model": "auth.permission",
    "pk": 33,
    "fields": {
      "name": "Can add product",
      "content_type": 9,
      "codename": "add_product"
    }
  },
  {
    "model": "auth.permission",
    "pk": 34,
    "fields": {
      "name": "Can change product",
      "content_type": 9,
      "codename": "change_product"
    }
  },
  {
    "model": "auth.permission",
    "pk": 35,
    "fields": {
      "name": "Can delete product",
      "content_type": 9,
      "codename": "delete_product"
    }
  },
  {
    "model": "auth.permission",
    "pk": 36,
    "fields": {
      "name": "Can view product",
      "content_type": 9,
      "codename": "view_product"
    }
  },
  {
    "model": "auth.permission",
    "pk": 37,
    "fields": {
      "name": "Can add product marker",
      "content_type": 10,
      "codename": "add_productmarker"
    }
  },
  {
    "model": "auth.permission",
    "pk": 38,
    "fields": {
      "name": "Can change product marker",
      "content_type": 10,
      "codename": "change_productmarker"
    }
  },
  {
    "model": "auth.permission",
    "pk": 39,
    "fields": {
      "name": "Can delete product marker",
      "content_type": 10,
      "codename": "delete_productmarker"
    }
  },
  {
    "model": "auth.permission",
    "pk": 40,
    "fields": {
      "name": "Can view product marker",
      "content_type": 10,
      "codename": "view_productmarker"
    }
  },
  {
    "model": "auth.permission",
    "pk": 41,
    "fields": {
      "name": "Can add image",
      "content_type": 11,
      "codename": "add_image"
    }
  },
  {
    "model": "auth.permission",
    "pk": 42,
    "fields": {
      "name": "Can change image",
      "content_type": 11,
      "codename": "change_image"
    }
  },
  {
    "model": "auth.permission",
    "pk": 43,
    "fields": {
      "name": "Can delete image",
      "content_type": 11,
      "codename": "delete_image"
    }
  },
  {
    "model": "auth.permission",
    "pk": 44,
    "fields": {
      "name": "Can view image",
      "content_type": 11,
      "codename": "view_image"
    }
  },
  {
    "model": "auth.permission",
    "pk": 45,
    "fields": {
      "name": "Can add user",
      "content_type": 12,
      "codename": "add_customer"
    }
  },
  {
    "model": "auth.permission",
    "pk": 46,
    "fields": {
      "name": "Can change user",
      "content_type": 12,
      "codename": "change_customer"
    }
  },
  {
    "model": "auth.permission",
    "pk": 47,
    "fields": {
      "name": "Can delete user",
      "content_type": 12,
      "codename": "delete_customer"
    }
  },
  {
    "model": "auth.permission",
    "pk": 48,
    "fields": {
      "name": "Can view user",
      "content_type": 12,
      "codename": "view_customer"
    }
  },
  {
    "model": "auth.permission",
    "pk": 49,
    "fields": {
      "name": "Can add basket",
      "content_type": 13,
      "codename": "add_basket"
    }
  },
  {
    "model": "auth.permission",
    "pk": 50,
    "fields": {
      "name": "Can change basket",
      "content_type": 13,
      "codename": "change_basket"
    }
  },
  {
    "model": "auth.permission",
    "pk": 51,
    "fields": {
      "name": "Can delete basket",
      "content_type": 13,
      "codename": "delete_basket"
    }
  },
  {
    "model": "auth.permission",
    "pk": 52,
    "fields": {
      "name": "Can view basket",
      "content_type": 13,
      "codename": "view_basket"
    }
  },
  {
    "model": "auth.permission",
    "pk": 53,
    "fields": {
      "name": "Can add auth app",
      "content_type": 14,
      "codename": "add_authapp"
    }
  },
  {
    "model": "auth.permission",
    "pk": 54,
    "fields": {
      "name": "Can change auth app",
      "content_type": 14,
      "codename": "change_authapp"
    }
  },
  {
    "model": "auth.permission",
    "pk": 55,
    "fields": {
      "name": "Can delete auth app",
      "content_type": 14,
      "codename": "delete_authapp"
    }
  },
  {
    "model": "auth.permission",
    "pk": 56,
    "fields": {
      "name": "Can view auth app",
      "content_type": 14,
      "codename": "view_authapp"
    }
  },
  {
    "model": "auth.permission",
    "pk": 57,
    "fields": {
      "name": "Can add association",
      "content_type": 15,
      "codename": "add_association"
    }
  },
  {
    "model": "auth.permission",
    "pk": 58,
    "fields": {
      "name": "Can change association",
      "content_type": 15,
      "codename": "change_association"
    }
  },
  {
    "model": "auth.permission",
    "pk": 59,
    "fields": {
      "name": "Can delete association",
      "content_type": 15,
      "codename": "delete_association"
    }
  },
  {
    "model": "auth.permission",
    "pk": 60,
    "fields": {
      "name": "Can view association",
      "content_type": 15,
      "codename": "view_association"
    }
  },
  {
    "model": "auth.permission",
    "pk": 61,
    "fields": {
      "name": "Can add code",
      "content_type": 16,
      "codename": "add_code"
    }
  },
  {
    "model": "auth.permission",
    "pk": 62,
    "fields": {
      "name": "Can change code",
      "content_type": 16,
      "codename": "change_code"
    }
  },
  {
    "model": "auth.permission",
    "pk": 63,
    "fields": {
      "name": "Can delete code",
      "content_type": 16,
      "codename": "delete_code"
    }
  },
  {
    "model": "auth.permission",
    "pk": 64,
    "fields": {
      "name": "Can view code",
      "content_type": 16,
      "codename": "view_code"
    }
  },
  {
    "model": "auth.permission",
    "pk": 65,
    "fields": {
      "name": "Can add nonce",
      "content_type": 17,
      "codename": "add_nonce"
    }
  },
  {
    "model": "auth.permission",
    "pk": 66,
    "fields": {
      "name": "Can change nonce",
      "content_type": 17,
      "codename": "change_nonce"
    }
  },
  {
    "model": "auth.permission",
    "pk": 67,
    "fields": {
      "name": "Can delete nonce",
      "content_type": 17,
      "codename": "delete_nonce"
    }
  },
  {
    "model": "auth.permission",
    "pk": 68,
    "fields": {
      "name": "Can view nonce",
      "content_type": 17,
      "codename": "view_nonce"
    }
  },
  {
    "model": "auth.permission",
    "pk": 69,
    "fields": {
      "name": "Can add user social auth",
      "content_type": 18,
      "codename": "add_usersocialauth"
    }
  },
  {
    "model": "auth.permission",
    "pk": 70,
    "fields": {
      "name": "Can change user social auth",
      "content_type": 18,
      "codename": "change_usersocialauth"
    }
  },
  {
    "model": "auth.permission",
    "pk": 71,
    "fields": {
      "name": "Can delete user social auth",
      "content_type": 18,
      "codename": "delete_usersocialauth"
    }
  },
  {
    "model": "auth.permission",
    "pk": 72,
    "fields": {
      "name": "Can view user social auth",
      "content_type": 18,
      "codename": "view_usersocialauth"
    }
  },
  {
    "model": "auth.permission",
    "pk": 73,
    "fields": {
      "name": "Can add partial",
      "content_type": 19,
      "codename": "add_partial"
    }
  },
  {
    "model": "auth.permission",
    "pk": 74,
    "fields": {
      "name": "Can change partial",
      "content_type": 19,
      "codename": "change_partial"
    }
  },
  {
    "model": "auth.permission",
    "pk": 75,
    "fields": {
      "name": "Can delete partial",
      "content_type": 19,
      "codename": "delete_partial"
    }
  },
  {
    "model": "auth.permission",
    "pk": 76,
    "fields": {
      "name": "Can view partial",
      "content_type": 19,
      "codename": "view_partial"
    }
  },
  {
    "model": "auth.permission",
    "pk": 77,
    "fields": {
      "name": "Can add customer profile",
      "content_type": 20,
      "codename": "add_customerprofile"
    }
  },
  {
    "model": "auth.permission",
    "pk": 78,
    "fields": {
      "name": "Can change customer profile",
      "content_type": 20,
      "codename": "change_customerprofile"
    }
  },
  {
    "model": "auth.permission",
    "pk": 79,
    "fields": {
      "name": "Can delete customer profile",
      "content_type": 20,
      "codename": "delete_customerprofile"
    }
  },
  {
    "model": "auth.permission",
    "pk": 80,
    "fields": {
      "name": "Can view customer profile",
      "content_type": 20,
      "codename": "view_customerprofile"
    }
  },
  {
    "model": "auth.permission",
    "pk": 81,
    "fields": {
      "name": "Can add feedback",
      "content_type": 21,
      "codename": "add_feedback"
    }
  },
  {
    "model": "auth.permission",
    "pk": 82,
    "fields": {
      "name": "Can change feedback",
      "content_type": 21,
      "codename": "change_feedback"
    }
  },
  {
    "model": "auth.permission",
    "pk": 83,
    "fields": {
      "name": "Can delete feedback",
      "content_type": 21,
      "codename": "delete_feedback"
    }
  },
  {
    "model": "auth.permission",
    "pk": 84,
    "fields": {
      "name": "Can view feedback",
      "content_type": 21,
      "codename": "view_feedback"
    }
  },
  {
    "model": "auth.permission",
    "pk": 85,
    "fields": {
      "name": "Can add order",
      "content_type": 22,
      "codename": "add_order"
    }
  },
  {
    "model": "auth.permission",
    "pk": 86,
    "fields": {
      "name": "Can change order",
      "content_type": 22,
      "codename": "change_order"
    }
  },
  {
    "model": "auth.permission",
    "pk": 87,
    "fields": {
      "name": "Can delete order",
      "content_type": 22,
      "codename": "delete_order"
    }
  },
  {
    "model": "auth.permission",
    "pk": 88,
    "fields": {
      "name": "Can view order",
      "content_type": 22,
      "codename": "view_order"
    }
  },
  {
    "model": "auth.permission",
    "pk": 89,
    "fields": {
      "name": "Can add order item",
      "content_type": 23,
      "codename": "add_orderitem"
    }
  },
  {
    "model": "auth.permission",
    "pk": 90,
    "fields": {
      "name": "Can change order item",
      "content_type": 23,
      "codename": "change_orderitem"
    }
  },
  {
    "model": "auth.permission",
    "pk": 91,
    "fields": {
      "name": "Can delete order item",
      "content_type": 23,
      "codename": "delete_orderitem"
    }
  },
  {
    "model": "auth.permission",
    "pk": 92,
    "fields": {
      "name": "Can view order item",
      "content_type": 23,
      "codename": "view_orderitem"
    }
  },
  {
    "model": "auth.group",
    "pk": 1,
    "fields": {
      "name": "Admins",
      "permissions": [
        1,
        2,
        3,
        4,
        9,
        10,
        11,
        12,
        5,
        6,
        7,
        8,
        53,
        54,
        55,
        56,
        49,
        50,
        51,
        52,
        13,
        14,
        15,
        16,
        45,
        46,
        47,
        48,
        41,
        42,
        43,
        44,
        21,
        22,
        23,
        24,
        25,
        26,
        27,
        28,
        29,
        30,
        31,
        32,
        33,
        34,
        35,
        36,
        37,
        38,
        39,
        40,
        17,
        18,
        19,
        20
      ]
    }
  },
  {
    "model": "sessions.session",
    "pk": "35mx0o6g2ixmwaoqd02s8fy38qw0qwvr",
    "fields": {
      "session_data": "NjVjNWU2ZjY2YTg5OTM5YjhhYTk3OWExODk2YzM3N2NjNmQ1ZDQ1ODp7fQ==",
      "expire_date": "2018-11-11T07:06:24.090Z"
    }
  },
  {
    "model": "sessions.session",
    "pk": "3zf7tldhd6cwp7lgb9ujg7fnh2s4vx2y",
    "fields": {
      "session_data": "NjVjNWU2ZjY2YTg5OTM5YjhhYTk3OWExODk2YzM3N2NjNmQ1ZDQ1ODp7fQ==",
      "expire_date": "2018-12-11T17:26:15.581Z"
    }
  },
  {
    "model": "sessions.session",
    "pk": "5o0i34ciq82gf9zs3sadl031zwvd5zq2",
    "fields": {
      "session_data": "NjVjNWU2ZjY2YTg5OTM5YjhhYTk3OWExODk2YzM3N2NjNmQ1ZDQ1ODp7fQ==",
      "expire_date": "2018-10-28T20:08:47.299Z"
    }
  },
  {
    "model": "sessions.session",
    "pk": "8qy8x8siykht6vulg5ua2m6z5lc0k9f6",
    "fields": {
      "session_data": "ZGUzZTNhMmEyMDZjNGEzNTgxMjA3MTY5YzAzMmFiOTBjZTM3MGU2YTp7Il9hdXRoX3VzZXJfaWQiOiIyNSIsIl9hdXRoX3VzZXJfYmFja2VuZCI6ImRqYW5nby5jb250cmliLmF1dGguYmFja2VuZHMuTW9kZWxCYWNrZW5kIiwiX2F1dGhfdXNlcl9oYXNoIjoiNDIxZmE0YzA1OWI5MTU5OWRiMjYxZjhhZGRjYjBlYzE3N2I5OTdlOSJ9",
      "expire_date": "2018-12-23T19:47:11.650Z"
    }
  },
  {
    "model": "sessions.session",
    "pk": "91ezttsqmqra05dxpgcfw9l6fcqfwjct",
    "fields": {
      "session_data": "MzI3ODc3N2I1ZGJlZjM0OGM5MmZhMzVmOTgzNzUwMGRkMDBlZmZlMzp7Il9hdXRoX3VzZXJfaWQiOiIzIiwiX2F1dGhfdXNlcl9iYWNrZW5kIjoiZGphbmdvLmNvbnRyaWIuYXV0aC5iYWNrZW5kcy5Nb2RlbEJhY2tlbmQiLCJfYXV0aF91c2VyX2hhc2giOiJhZTVmNTgxNzljOWEwMjU5OTI0M2FmZTAzZDIzMmNkYjllNzlkMTFjIn0=",
      "expire_date": "2018-12-18T08:38:15.388Z"
    }
  },
  {
    "model": "sessions.session",
    "pk": "ahmak67muubpclnyzxnbhw7moj4anf3q",
    "fields": {
      "session_data": "NjVjNWU2ZjY2YTg5OTM5YjhhYTk3OWExODk2YzM3N2NjNmQ1ZDQ1ODp7fQ==",
      "expire_date": "2018-10-28T20:06:35.601Z"
    }
  },
  {
    "model": "sessions.session",
    "pk": "dif47e38x4oy6gvma6uoj8yw9p7shhjl",
    "fields": {
      "session_data": "NjVjNWU2ZjY2YTg5OTM5YjhhYTk3OWExODk2YzM3N2NjNmQ1ZDQ1ODp7fQ==",
      "expire_date": "2018-11-11T06:54:48.190Z"
    }
  },
  {
    "model": "sessions.session",
    "pk": "gvy7syt8h8j7k1ikt24u883onb6a3ajn",
    "fields": {
      "session_data": "NjVjNWU2ZjY2YTg5OTM5YjhhYTk3OWExODk2YzM3N2NjNmQ1ZDQ1ODp7fQ==",
      "expire_date": "2018-12-11T16:42:19.890Z"
    }
  },
  {
    "model": "sessions.session",
    "pk": "gxf5g7zjym0tuwua2mdpcuqqtajxkltg",
    "fields": {
      "session_data": "MzE3YzU2N2M4N2YwZWU2YzJjOWY5M2QxOTA3OGU3OGQzYWFiNWYwMzp7Il9hdXRoX3VzZXJfaWQiOiIxIiwiX2F1dGhfdXNlcl9iYWNrZW5kIjoiZGphbmdvLmNvbnRyaWIuYXV0aC5iYWNrZW5kcy5Nb2RlbEJhY2tlbmQiLCJfYXV0aF91c2VyX2hhc2giOiIwMTM5N2JlNWI0OTYzNmU0ZDk5YzIzOWU4OGVkMTAwMzM5NjNhZGUxIn0=",
      "expire_date": "2018-11-26T11:57:17.362Z"
    }
  },
  {
    "model": "sessions.session",
    "pk": "hbjb93sy4r9myaab12mjc4d5xf9zowno",
    "fields": {
      "session_data": "NjVjNWU2ZjY2YTg5OTM5YjhhYTk3OWExODk2YzM3N2NjNmQ1ZDQ1ODp7fQ==",
      "expire_date": "2018-11-11T07:01:30.722Z"
    }
  },
  {
    "model": "sessions.session",
    "pk": "ihdzgvvv3vfd288afg16wdnuo7svjiwm",
    "fields": {
      "session_data": "MzI3ODc3N2I1ZGJlZjM0OGM5MmZhMzVmOTgzNzUwMGRkMDBlZmZlMzp7Il9hdXRoX3VzZXJfaWQiOiIzIiwiX2F1dGhfdXNlcl9iYWNrZW5kIjoiZGphbmdvLmNvbnRyaWIuYXV0aC5iYWNrZW5kcy5Nb2RlbEJhY2tlbmQiLCJfYXV0aF91c2VyX2hhc2giOiJhZTVmNTgxNzljOWEwMjU5OTI0M2FmZTAzZDIzMmNkYjllNzlkMTFjIn0=",
      "expire_date": "2018-12-15T07:46:23.911Z"
    }
  },
  {
    "model": "sessions.session",
    "pk": "kmrh67npuoi2f69uliyxtqckyo2asvlr",
    "fields": {
      "session_data": "NjVjNWU2ZjY2YTg5OTM5YjhhYTk3OWExODk2YzM3N2NjNmQ1ZDQ1ODp7fQ==",
      "expire_date": "2018-11-11T07:07:25.699Z"
    }
  },
  {
    "model": "sessions.session",
    "pk": "sfeeekad91pzq260nl66s4k1gm9xpffu",
    "fields": {
      "session_data": "NjVjNWU2ZjY2YTg5OTM5YjhhYTk3OWExODk2YzM3N2NjNmQ1ZDQ1ODp7fQ==",
      "expire_date": "2018-12-13T16:23:52.126Z"
    }
  },
  {
    "model": "sessions.session",
    "pk": "sv52gk73vd81fma2il3z9phinotluznj",
    "fields": {
      "session_data": "NjVjNWU2ZjY2YTg5OTM5YjhhYTk3OWExODk2YzM3N2NjNmQ1ZDQ1ODp7fQ==",
      "expire_date": "2018-10-29T08:34:39.895Z"
    }
  },
  {
    "model": "sessions.session",
    "pk": "tr8t3z5oc913f2u3gjsgzogpnzxipfye",
    "fields": {
      "session_data": "NjVjNWU2ZjY2YTg5OTM5YjhhYTk3OWExODk2YzM3N2NjNmQ1ZDQ1ODp7fQ==",
      "expire_date": "2018-12-11T17:40:09.863Z"
    }
  },
  {
    "model": "main.author",
    "pk": 1,
    "fields": {
      "name": "Jack",
      "lastname": "Black",
      "photo": "authors/Livello_25.jpg",
      "created": "2018-10-19T08:54:54.468Z",
      "modified": "2018-10-21T13:07:48.040Z"
    }
  },
  {
    "model": "main.author",
    "pk": 2,
    "fields": {
      "name": "Mary",
      "lastname": "Contrary",
      "photo": "authors/Livello_30.jpg",
      "created": "2018-10-19T08:54:54.468Z",
      "modified": "2018-10-22T12:17:55.739Z"
    }
  },
  {
    "model": "main.mainpagecontent",
    "pk": 1,
    "fields": {
      "chapter": "Chapter_1",
      "content": "Lorem ipsum dolor sit amet consectetur, adipisicing elit. Inventore in deleniti quasi ea? Quisquam quam tenetur iste provident expedita eaque maxime cum optio voluptatum, commodi repudiandae debitis quis ut eos beatae omnis qui delectus dicta a! Quis cumque dolor beatae ab quae, a pariatur nobis quidem iure quisquam asperiores! Accusantium, exercitationem sint, iure eum harum sed velit vero nulla labore maxime nisi accusamus nam numquam illum deserunt consectetur fugiat. Hic aut, assumenda in reiciendis ratione labore aspernatur explicabo qui. Debitis asperiores pariatur distinctio dolores molestiae, illo cumque aut tempore nostrum, qui fuga officiis earum veniam ducimus! Officiis odio temporibus voluptatibus. Corporis repudiandae voluptates nesciunt nemo! Illo rem, ad maiores error dolorem esse temporibus delectus, minus sed nulla qui. Facere iusto nam, vel, beatae architecto temporibus quasi soluta laboriosam harum unde ab pariatur accusamus labore nihil debitis asperiores. Totam consequatur, at quae maxime accusamus expedita quasi fuga a quo perspiciatis deserunt.",
      "date": "2018-10-05T15:26:00Z",
      "author": 1,
      "created": "2018-10-19T08:54:54.604Z",
      "modified": "2018-10-19T08:54:54.614Z"
    }
  },
  {
    "model": "main.mainpagecontent",
    "pk": 2,
    "fields": {
      "chapter": "Chapter_2",
      "content": "Lorem ipsum dolor sit amet consectetur, adipisicing elit. Inventore in deleniti quasi ea? Quisquam quam tenetur iste provident expedita eaque maxime cum optio voluptatum, commodi repudiandae debitis quis ut eos beatae omnis qui delectus dicta a! Quis cumque dolor beatae ab quae, a pariatur nobis quidem iure quisquam asperiores! Accusantium, exercitationem sint, iure eum harum sed velit vero nulla labore maxime nisi accusamus nam numquam illum deserunt consectetur fugiat. Hic aut, assumenda in reiciendis ratione labore aspernatur explicabo qui. Debitis asperiores pariatur distinctio dolores molestiae, illo cumque aut tempore nostrum, qui fuga officiis earum veniam ducimus! Officiis odio temporibus voluptatibus. Corporis repudiandae voluptates nesciunt nemo! Illo rem, ad maiores error dolorem esse temporibus delectus, minus sed nulla qui. Facere iusto nam, vel, beatae architecto temporibus quasi soluta laboriosam harum unde ab pariatur accusamus labore nihil debitis asperiores. Totam consequatur, at quae maxime accusamus expedita quasi fuga a quo perspiciatis deserunt.",
      "date": "2018-10-06T16:45:00Z",
      "author": 2,
      "created": "2018-10-19T08:54:54.604Z",
      "modified": "2018-10-19T08:54:54.614Z"
    }
  },
  {
    "model": "products.category",
    "pk": 34,
    "fields": {
      "name": "Category_1",
      "short_text": null,
      "created": "2018-12-13T10:24:00.531Z",
      "modified": "2018-12-13T10:24:00.531Z"
    }
  },
  {
    "model": "products.category",
    "pk": 35,
    "fields": {
      "name": "Category_2",
      "short_text": null,
      "created": "2018-12-13T10:24:00.712Z",
      "modified": "2018-12-13T10:24:00.712Z"
    }
  },
  {
    "model": "products.category",
    "pk": 36,
    "fields": {
      "name": "Category_3",
      "short_text": null,
      "created": "2018-12-13T10:24:00.857Z",
      "modified": "2018-12-13T10:24:00.857Z"
    }
  },
  {
    "model": "products.category",
    "pk": 37,
    "fields": {
      "name": "Category_4",
      "short_text": null,
      "created": "2018-12-13T10:24:00.978Z",
      "modified": "2018-12-13T10:24:00.978Z"
    }
  },
  {
    "model": "products.category",
    "pk": 38,
    "fields": {
      "name": "Category_5",
      "short_text": null,
      "created": "2018-12-13T10:24:01.111Z",
      "modified": "2018-12-13T10:24:01.112Z"
    }
  },
  {
    "model": "products.category",
    "pk": 39,
    "fields": {
      "name": "Category_6",
      "short_text": null,
      "created": "2018-12-13T10:24:01.222Z",
      "modified": "2018-12-13T10:24:01.222Z"
    }
  },
  {
    "model": "products.category",
    "pk": 40,
    "fields": {
      "name": "Category_7",
      "short_text": null,
      "created": "2018-12-13T10:24:01.344Z",
      "modified": "2018-12-13T10:24:01.344Z"
    }
  },
  {
    "model": "products.category",
    "pk": 41,
    "fields": {
      "name": "Category_8",
      "short_text": null,
      "created": "2018-12-13T10:24:01.466Z",
      "modified": "2018-12-13T10:24:01.466Z"
    }
  },
  {
    "model": "products.category",
    "pk": 42,
    "fields": {
      "name": "Category_9",
      "short_text": null,
      "created": "2018-12-13T10:24:01.591Z",
      "modified": "2018-12-13T10:24:01.591Z"
    }
  },
  {
    "model": "products.category",
    "pk": 43,
    "fields": {
      "name": "Category_10",
      "short_text": null,
      "created": "2018-12-13T10:24:01.733Z",
      "modified": "2018-12-13T10:24:01.733Z"
    }
  },
  {
    "model": "products.productmarker",
    "pk": 1,
    "fields": {
      "corner": "corner_new"
    }
  },
  {
    "model": "products.productmarker",
    "pk": 2,
    "fields": {
      "corner": "corner_hot"
    }
  },
  {
    "model": "products.productmarker",
    "pk": 3,
    "fields": {
      "corner": "None"
    }
  },
  {
    "model": "products.product",
    "pk": 201,
    "fields": {
      "name": "Product_1",
      "short_text": "Product short text",
      "long_text": "Product long text",
      "now_price": "1212.00",
      "old_price": "1860.00",
      "currency": "\u20bd",
      "product_marker": 2,
      "category": 39,
      "image": 2,
      "created": "2018-12-13T10:25:38.998Z",
      "modified": "2018-12-17T08:23:27.871Z",
      "is_active": true,
      "quantity": 8
    }
  },
  {
    "model": "products.product",
    "pk": 202,
    "fields": {
      "name": "Product_2",
      "short_text": "Product short text",
      "long_text": "Product long text",
      "now_price": "1373.00",
      "old_price": "1977.00",
      "currency": "\u20bd",
      "product_marker": 1,
      "category": 34,
      "image": 4,
      "created": "2018-12-13T10:25:39.344Z",
      "modified": "2018-12-13T12:03:07.484Z",
      "is_active": true,
      "quantity": 6
    }
  },
  {
    "model": "products.product",
    "pk": 203,
    "fields": {
      "name": "Product_3",
      "short_text": "Product short text",
      "long_text": "Product long text",
      "now_price": "1283.00",
      "old_price": "1581.00",
      "currency": "\u20bd",
      "product_marker": 3,
      "category": 42,
      "image": 10,
      "created": "2018-12-13T10:25:39.500Z",
      "modified": "2018-12-17T08:16:10.417Z",
      "is_active": true,
      "quantity": 4
    }
  },
  {
    "model": "products.product",
    "pk": 204,
    "fields": {
      "name": "Product_4",
      "short_text": "Product short text",
      "long_text": "Product long text",
      "now_price": "1169.00",
      "old_price": "1809.00",
      "currency": "\u20bd",
      "product_marker": 3,
      "category": 39,
      "image": 9,
      "created": "2018-12-13T10:25:39.622Z",
      "modified": "2018-12-13T10:25:39.622Z",
      "is_active": true,
      "quantity": 8
    }
  },
  {
    "model": "products.product",
    "pk": 205,
    "fields": {
      "name": "Product_5",
      "short_text": "Product short text",
      "long_text": "Product long text",
      "now_price": "1315.00",
      "old_price": "1896.00",
      "currency": "\u20bd",
      "product_marker": 2,
      "category": 38,
      "image": 6,
      "created": "2018-12-13T10:25:39.755Z",
      "modified": "2018-12-13T10:25:39.755Z",
      "is_active": true,
      "quantity": 12
    }
  },
  {
    "model": "products.product",
    "pk": 206,
    "fields": {
      "name": "Product_6",
      "short_text": "Product short text",
      "long_text": "Product long text",
      "now_price": "1391.00",
      "old_price": "1636.00",
      "currency": "\u20bd",
      "product_marker": 3,
      "category": 36,
      "image": 5,
      "created": "2018-12-13T10:25:39.865Z",
      "modified": "2018-12-17T08:23:28.160Z",
      "is_active": true,
      "quantity": 12
    }
  },
  {
    "model": "products.product",
    "pk": 207,
    "fields": {
      "name": "Product_7",
      "short_text": "Product short text",
      "long_text": "Product long text",
      "now_price": "1333.00",
      "old_price": "1568.00",
      "currency": "\u20bd",
      "product_marker": 3,
      "category": 37,
      "image": 8,
      "created": "2018-12-13T10:25:39.999Z",
      "modified": "2018-12-13T10:25:39.999Z",
      "is_active": true,
      "quantity": 8
    }
  },
  {
    "model": "products.product",
    "pk": 208,
    "fields": {
      "name": "Product_8",
      "short_text": "Product short text",
      "long_text": "Product long text",
      "now_price": "1093.00",
      "old_price": "1794.00",
      "currency": "\u20bd",
      "product_marker": 3,
      "category": 39,
      "image": 4,
      "created": "2018-12-13T10:25:40.121Z",
      "modified": "2018-12-13T10:25:40.121Z",
      "is_active": true,
      "quantity": 7
    }
  },
  {
    "model": "products.product",
    "pk": 209,
    "fields": {
      "name": "Product_9",
      "short_text": "Product short text",
      "long_text": "Product long text",
      "now_price": "1251.00",
      "old_price": "1590.00",
      "currency": "\u20bd",
      "product_marker": 1,
      "category": 36,
      "image": 8,
      "created": "2018-12-13T10:25:40.233Z",
      "modified": "2018-12-13T10:25:40.233Z",
      "is_active": true,
      "quantity": 11
    }
  },
  {
    "model": "products.product",
    "pk": 210,
    "fields": {
      "name": "Product_10",
      "short_text": "Product short text",
      "long_text": "Product long text",
      "now_price": "1133.00",
      "old_price": "1979.00",
      "currency": "\u20bd",
      "product_marker": 3,
      "category": 35,
      "image": 4,
      "created": "2018-12-13T10:25:40.343Z",
      "modified": "2018-12-13T10:25:40.343Z",
      "is_active": true,
      "quantity": 15
    }
  },
  {
    "model": "products.product",
    "pk": 211,
    "fields": {
      "name": "Product_11",
      "short_text": "Product short text",
      "long_text": "Product long text",
      "now_price": "1187.00",
      "old_price": "1884.00",
      "currency": "\u20bd",
      "product_marker": 3,
      "category": 40,
      "image": 8,
      "created": "2018-12-13T10:25:40.553Z",
      "modified": "2018-12-13T10:25:40.553Z",
      "is_active": true,
      "quantity": 6
    }
  },
  {
    "model": "products.product",
    "pk": 212,
    "fields": {
      "name": "Product_12",
      "short_text": "Product short text",
      "long_text": "Product long text",
      "now_price": "1178.00",
      "old_price": "1756.00",
      "currency": "\u20bd",
      "product_marker": 2,
      "category": 43,
      "image": 9,
      "created": "2018-12-13T10:25:40.666Z",
      "modified": "2018-12-13T10:25:40.666Z",
      "is_active": true,
      "quantity": 11
    }
  },
  {
    "model": "products.product",
    "pk": 213,
    "fields": {
      "name": "Product_13",
      "short_text": "Product short text",
      "long_text": "Product long text",
      "now_price": "1420.00",
      "old_price": "1862.00",
      "currency": "\u20bd",
      "product_marker": 1,
      "category": 41,
      "image": 3,
      "created": "2018-12-13T10:25:40.800Z",
      "modified": "2018-12-13T10:25:40.800Z",
      "is_active": true,
      "quantity": 15
    }
  },
  {
    "model": "products.product",
    "pk": 214,
    "fields": {
      "name": "Product_14",
      "short_text": "Product short text",
      "long_text": "Product long text",
      "now_price": "1200.00",
      "old_price": "1579.00",
      "currency": "\u20bd",
      "product_marker": 1,
      "category": 35,
      "image": 2,
      "created": "2018-12-13T10:25:40.933Z",
      "modified": "2018-12-13T10:25:40.933Z",
      "is_active": true,
      "quantity": 11
    }
  },
  {
    "model": "products.product",
    "pk": 215,
    "fields": {
      "name": "Product_15",
      "short_text": "Product short text",
      "long_text": "Product long text",
      "now_price": "1313.00",
      "old_price": "1996.00",
      "currency": "\u20bd",
      "product_marker": 1,
      "category": 37,
      "image": 8,
      "created": "2018-12-13T10:25:41.079Z",
      "modified": "2018-12-13T10:25:41.079Z",
      "is_active": true,
      "quantity": 9
    }
  },
  {
    "model": "products.product",
    "pk": 216,
    "fields": {
      "name": "Product_16",
      "short_text": "Product short text",
      "long_text": "Product long text",
      "now_price": "1106.00",
      "old_price": "1685.00",
      "currency": "\u20bd",
      "product_marker": 2,
      "category": 36,
      "image": 9,
      "created": "2018-12-13T10:25:41.199Z",
      "modified": "2018-12-13T10:25:41.199Z",
      "is_active": true,
      "quantity": 7
    }
  },
  {
    "model": "products.product",
    "pk": 217,
    "fields": {
      "name": "Product_17",
      "short_text": "Product short text",
      "long_text": "Product long text",
      "now_price": "1088.00",
      "old_price": "1529.00",
      "currency": "\u20bd",
      "product_marker": 2,
      "category": 37,
      "image": 2,
      "created": "2018-12-13T10:25:41.322Z",
      "modified": "2018-12-13T10:25:41.322Z",
      "is_active": true,
      "quantity": 12
    }
  },
  {
    "model": "products.product",
    "pk": 218,
    "fields": {
      "name": "Product_18",
      "short_text": "Product short text",
      "long_text": "Product long text",
      "now_price": "1025.00",
      "old_price": "1891.00",
      "currency": "\u20bd",
      "product_marker": 1,
      "category": 41,
      "image": 9,
      "created": "2018-12-13T10:25:41.443Z",
      "modified": "2018-12-13T10:25:41.443Z",
      "is_active": true,
      "quantity": 7
    }
  },
  {
    "model": "products.product",
    "pk": 219,
    "fields": {
      "name": "Product_19",
      "short_text": "Product short text",
      "long_text": "Product long text",
      "now_price": "1396.00",
      "old_price": "1938.00",
      "currency": "\u20bd",
      "product_marker": 1,
      "category": 34,
      "image": 1,
      "created": "2018-12-13T10:25:41.566Z",
      "modified": "2018-12-13T10:25:41.566Z",
      "is_active": true,
      "quantity": 11
    }
  },
  {
    "model": "products.product",
    "pk": 220,
    "fields": {
      "name": "Product_20",
      "short_text": "Product short text",
      "long_text": "Product long text",
      "now_price": "1333.00",
      "old_price": "1574.00",
      "currency": "\u20bd",
      "product_marker": 3,
      "category": 38,
      "image": 1,
      "created": "2018-12-13T10:25:41.687Z",
      "modified": "2018-12-13T10:25:41.688Z",
      "is_active": true,
      "quantity": 7
    }
  },
  {
    "model": "products.product",
    "pk": 221,
    "fields": {
      "name": "Product_21",
      "short_text": "Product short text",
      "long_text": "Product long text",
      "now_price": "1090.00",
      "old_price": "1591.00",
      "currency": "\u20bd",
      "product_marker": 3,
      "category": 35,
      "image": 3,
      "created": "2018-12-13T10:25:41.852Z",
      "modified": "2018-12-13T10:25:41.852Z",
      "is_active": true,
      "quantity": 12
    }
  },
  {
    "model": "products.product",
    "pk": 222,
    "fields": {
      "name": "Product_22",
      "short_text": "Product short text",
      "long_text": "Product long text",
      "now_price": "1396.00",
      "old_price": "1806.00",
      "currency": "\u20bd",
      "product_marker": 1,
      "category": 34,
      "image": 8,
      "created": "2018-12-13T10:25:42.065Z",
      "modified": "2018-12-13T10:25:42.065Z",
      "is_active": true,
      "quantity": 10
    }
  },
  {
    "model": "products.product",
    "pk": 223,
    "fields": {
      "name": "Product_23",
      "short_text": "Product short text",
      "long_text": "Product long text",
      "now_price": "1132.00",
      "old_price": "1895.00",
      "currency": "\u20bd",
      "product_marker": 3,
      "category": 41,
      "image": 2,
      "created": "2018-12-13T10:25:42.177Z",
      "modified": "2018-12-13T10:25:42.177Z",
      "is_active": true,
      "quantity": 12
    }
  },
  {
    "model": "products.product",
    "pk": 224,
    "fields": {
      "name": "Product_24",
      "short_text": "Product short text",
      "long_text": "Product long text",
      "now_price": "1008.00",
      "old_price": "1855.00",
      "currency": "\u20bd",
      "product_marker": 1,
      "category": 37,
      "image": 7,
      "created": "2018-12-13T10:25:42.300Z",
      "modified": "2018-12-13T10:25:42.300Z",
      "is_active": true,
      "quantity": 13
    }
  },
  {
    "model": "products.product",
    "pk": 225,
    "fields": {
      "name": "Product_25",
      "short_text": "Product short text",
      "long_text": "Product long text",
      "now_price": "1391.00",
      "old_price": "1776.00",
      "currency": "\u20bd",
      "product_marker": 1,
      "category": 42,
      "image": 2,
      "created": "2018-12-13T10:25:42.410Z",
      "modified": "2018-12-13T10:25:42.410Z",
      "is_active": true,
      "quantity": 14
    }
  },
  {
    "model": "products.product",
    "pk": 226,
    "fields": {
      "name": "Product_26",
      "short_text": "Product short text",
      "long_text": "Product long text",
      "now_price": "1134.00",
      "old_price": "1776.00",
      "currency": "\u20bd",
      "product_marker": 3,
      "category": 36,
      "image": 6,
      "created": "2018-12-13T10:25:42.533Z",
      "modified": "2018-12-13T10:25:42.533Z",
      "is_active": true,
      "quantity": 12
    }
  },
  {
    "model": "products.product",
    "pk": 227,
    "fields": {
      "name": "Product_27",
      "short_text": "Product short text",
      "long_text": "Product long text",
      "now_price": "1074.00",
      "old_price": "1556.00",
      "currency": "\u20bd",
      "product_marker": 3,
      "category": 39,
      "image": 4,
      "created": "2018-12-13T10:25:42.655Z",
      "modified": "2018-12-13T10:25:42.655Z",
      "is_active": true,
      "quantity": 12
    }
  },
  {
    "model": "products.product",
    "pk": 228,
    "fields": {
      "name": "Product_28",
      "short_text": "Product short text",
      "long_text": "Product long text",
      "now_price": "1337.00",
      "old_price": "1843.00",
      "currency": "\u20bd",
      "product_marker": 3,
      "category": 42,
      "image": 8,
      "created": "2018-12-13T10:25:42.766Z",
      "modified": "2018-12-13T10:25:42.766Z",
      "is_active": true,
      "quantity": 15
    }
  },
  {
    "model": "products.product",
    "pk": 229,
    "fields": {
      "name": "Product_29",
      "short_text": "Product short text",
      "long_text": "Product long text",
      "now_price": "1445.00",
      "old_price": "1594.00",
      "currency": "\u20bd",
      "product_marker": 1,
      "category": 36,
      "image": 11,
      "created": "2018-12-13T10:25:42.877Z",
      "modified": "2018-12-17T08:42:36.627Z",
      "is_active": true,
      "quantity": 9
    }
  },
  {
    "model": "products.product",
    "pk": 230,
    "fields": {
      "name": "Product_30",
      "short_text": "Product short text",
      "long_text": "Product long text",
      "now_price": "1449.00",
      "old_price": "1646.00",
      "currency": "\u20bd",
      "product_marker": 1,
      "category": 38,
      "image": 1,
      "created": "2018-12-13T10:25:42.988Z",
      "modified": "2018-12-13T10:25:42.988Z",
      "is_active": true,
      "quantity": 11
    }
  },
  {
    "model": "products.product",
    "pk": 231,
    "fields": {
      "name": "Product_31",
      "short_text": "Product short text",
      "long_text": "Product long text",
      "now_price": "1223.00",
      "old_price": "1910.00",
      "currency": "\u20bd",
      "product_marker": 1,
      "category": 35,
      "image": 8,
      "created": "2018-12-13T10:25:43.099Z",
      "modified": "2018-12-13T10:25:43.099Z",
      "is_active": true,
      "quantity": 5
    }
  },
  {
    "model": "products.product",
    "pk": 232,
    "fields": {
      "name": "Product_32",
      "short_text": "Product short text",
      "long_text": "Product long text",
      "now_price": "1218.00",
      "old_price": "1865.00",
      "currency": "\u20bd",
      "product_marker": 3,
      "category": 40,
      "image": 1,
      "created": "2018-12-13T10:25:43.296Z",
      "modified": "2018-12-13T10:25:43.296Z",
      "is_active": true,
      "quantity": 14
    }
  },
  {
    "model": "products.product",
    "pk": 233,
    "fields": {
      "name": "Product_33",
      "short_text": "Product short text",
      "long_text": "Product long text",
      "now_price": "1018.00",
      "old_price": "1579.00",
      "currency": "\u20bd",
      "product_marker": 1,
      "category": 42,
      "image": 9,
      "created": "2018-12-13T10:25:43.409Z",
      "modified": "2018-12-13T10:25:43.409Z",
      "is_active": true,
      "quantity": 5
    }
  },
  {
    "model": "products.product",
    "pk": 234,
    "fields": {
      "name": "Product_34",
      "short_text": "Product short text",
      "long_text": "Product long text",
      "now_price": "1110.00",
      "old_price": "1514.00",
      "currency": "\u20bd",
      "product_marker": 2,
      "category": 41,
      "image": 2,
      "created": "2018-12-13T10:25:43.535Z",
      "modified": "2018-12-13T10:25:43.535Z",
      "is_active": true,
      "quantity": 9
    }
  },
  {
    "model": "products.product",
    "pk": 235,
    "fields": {
      "name": "Product_35",
      "short_text": "Product short text",
      "long_text": "Product long text",
      "now_price": "1257.00",
      "old_price": "1828.00",
      "currency": "\u20bd",
      "product_marker": 3,
      "category": 34,
      "image": 6,
      "created": "2018-12-13T10:25:43.666Z",
      "modified": "2018-12-13T10:25:43.666Z",
      "is_active": true,
      "quantity": 6
    }
  },
  {
    "model": "products.product",
    "pk": 236,
    "fields": {
      "name": "Product_36",
      "short_text": "Product short text",
      "long_text": "Product long text",
      "now_price": "1118.00",
      "old_price": "1998.00",
      "currency": "\u20bd",
      "product_marker": 2,
      "category": 35,
      "image": 10,
      "created": "2018-12-13T10:25:43.789Z",
      "modified": "2018-12-13T10:25:43.789Z",
      "is_active": true,
      "quantity": 8
    }
  },
  {
    "model": "products.product",
    "pk": 237,
    "fields": {
      "name": "Product_37",
      "short_text": "Product short text",
      "long_text": "Product long text",
      "now_price": "1231.00",
      "old_price": "1742.00",
      "currency": "\u20bd",
      "product_marker": 2,
      "category": 41,
      "image": 1,
      "created": "2018-12-13T10:25:43.933Z",
      "modified": "2018-12-13T10:25:43.933Z",
      "is_active": true,
      "quantity": 12
    }
  },
  {
    "model": "products.product",
    "pk": 238,
    "fields": {
      "name": "Product_38",
      "short_text": "Product short text",
      "long_text": "Product long text",
      "now_price": "1468.00",
      "old_price": "1701.00",
      "currency": "\u20bd",
      "product_marker": 2,
      "category": 42,
      "image": 9,
      "created": "2018-12-13T10:25:44.078Z",
      "modified": "2018-12-13T10:25:44.078Z",
      "is_active": true,
      "quantity": 9
    }
  },
  {
    "model": "products.product",
    "pk": 239,
    "fields": {
      "name": "Product_39",
      "short_text": "Product short text",
      "long_text": "Product long text",
      "now_price": "1144.00",
      "old_price": "1925.00",
      "currency": "\u20bd",
      "product_marker": 2,
      "category": 38,
      "image": 8,
      "created": "2018-12-13T10:25:44.221Z",
      "modified": "2018-12-13T10:25:44.221Z",
      "is_active": true,
      "quantity": 15
    }
  },
  {
    "model": "products.product",
    "pk": 240,
    "fields": {
      "name": "Product_40",
      "short_text": "Product short text",
      "long_text": "Product long text",
      "now_price": "1442.00",
      "old_price": "1949.00",
      "currency": "\u20bd",
      "product_marker": 2,
      "category": 42,
      "image": 2,
      "created": "2018-12-13T10:25:44.377Z",
      "modified": "2018-12-13T10:25:44.377Z",
      "is_active": true,
      "quantity": 10
    }
  },
  {
    "model": "products.product",
    "pk": 241,
    "fields": {
      "name": "Product_41",
      "short_text": "Product short text",
      "long_text": "Product long text",
      "now_price": "1344.00",
      "old_price": "1636.00",
      "currency": "\u20bd",
      "product_marker": 3,
      "category": 43,
      "image": 5,
      "created": "2018-12-13T10:25:44.499Z",
      "modified": "2018-12-13T10:25:44.499Z",
      "is_active": true,
      "quantity": 8
    }
  },
  {
    "model": "products.product",
    "pk": 242,
    "fields": {
      "name": "Product_42",
      "short_text": "Product short text",
      "long_text": "Product long text",
      "now_price": "1141.00",
      "old_price": "1506.00",
      "currency": "\u20bd",
      "product_marker": 2,
      "category": 35,
      "image": 5,
      "created": "2018-12-13T10:25:44.710Z",
      "modified": "2018-12-13T10:25:44.710Z",
      "is_active": true,
      "quantity": 14
    }
  },
  {
    "model": "products.product",
    "pk": 243,
    "fields": {
      "name": "Product_43",
      "short_text": "Product short text",
      "long_text": "Product long text",
      "now_price": "1027.00",
      "old_price": "1556.00",
      "currency": "\u20bd",
      "product_marker": 2,
      "category": 34,
      "image": 7,
      "created": "2018-12-13T10:25:44.910Z",
      "modified": "2018-12-13T10:25:44.910Z",
      "is_active": true,
      "quantity": 5
    }
  },
  {
    "model": "products.product",
    "pk": 244,
    "fields": {
      "name": "Product_44",
      "short_text": "Product short text",
      "long_text": "Product long text",
      "now_price": "1044.00",
      "old_price": "1784.00",
      "currency": "\u20bd",
      "product_marker": 2,
      "category": 38,
      "image": 11,
      "created": "2018-12-13T10:25:45.058Z",
      "modified": "2018-12-13T10:25:45.058Z",
      "is_active": true,
      "quantity": 6
    }
  },
  {
    "model": "products.product",
    "pk": 245,
    "fields": {
      "name": "Product_45",
      "short_text": "Product short text",
      "long_text": "Product long text",
      "now_price": "1392.00",
      "old_price": "1540.00",
      "currency": "\u20bd",
      "product_marker": 3,
      "category": 39,
      "image": 12,
      "created": "2018-12-13T10:25:45.189Z",
      "modified": "2018-12-13T10:25:45.189Z",
      "is_active": true,
      "quantity": 6
    }
  },
  {
    "model": "products.product",
    "pk": 246,
    "fields": {
      "name": "Product_46",
      "short_text": "Product short text",
      "long_text": "Product long text",
      "now_price": "1488.00",
      "old_price": "1843.00",
      "currency": "\u20bd",
      "product_marker": 2,
      "category": 38,
      "image": 5,
      "created": "2018-12-13T10:25:45.322Z",
      "modified": "2018-12-13T10:25:45.322Z",
      "is_active": true,
      "quantity": 15
    }
  },
  {
    "model": "products.product",
    "pk": 247,
    "fields": {
      "name": "Product_47",
      "short_text": "Product short text",
      "long_text": "Product long text",
      "now_price": "1068.00",
      "old_price": "1626.00",
      "currency": "\u20bd",
      "product_marker": 3,
      "category": 36,
      "image": 11,
      "created": "2018-12-13T10:25:45.455Z",
      "modified": "2018-12-13T10:25:45.455Z",
      "is_active": true,
      "quantity": 11
    }
  },
  {
    "model": "products.product",
    "pk": 248,
    "fields": {
      "name": "Product_48",
      "short_text": "Product short text",
      "long_text": "Product long text",
      "now_price": "1419.00",
      "old_price": "1701.00",
      "currency": "\u20bd",
      "product_marker": 3,
      "category": 39,
      "image": 12,
      "created": "2018-12-13T10:25:45.589Z",
      "modified": "2018-12-13T10:25:45.589Z",
      "is_active": true,
      "quantity": 5
    }
  },
  {
    "model": "products.product",
    "pk": 249,
    "fields": {
      "name": "Product_49",
      "short_text": "Product short text",
      "long_text": "Product long text",
      "now_price": "1028.00",
      "old_price": "1736.00",
      "currency": "\u20bd",
      "product_marker": 1,
      "category": 35,
      "image": 6,
      "created": "2018-12-13T10:25:45.721Z",
      "modified": "2018-12-13T10:25:45.721Z",
      "is_active": true,
      "quantity": 11
    }
  },
  {
    "model": "products.product",
    "pk": 250,
    "fields": {
      "name": "Product_50",
      "short_text": "Product short text",
      "long_text": "Product long text",
      "now_price": "1471.00",
      "old_price": "1648.00",
      "currency": "\u20bd",
      "product_marker": 1,
      "category": 34,
      "image": 10,
      "created": "2018-12-13T10:25:45.844Z",
      "modified": "2018-12-13T10:25:45.844Z",
      "is_active": true,
      "quantity": 9
    }
  },
  {
    "model": "images.image",
    "pk": 1,
    "fields": {
      "name": "default",
      "img": "default.jpg"
    }
  },
  {
    "model": "images.image",
    "pk": 2,
    "fields": {
      "name": "default_1.jpg",
      "img": "default_1.jpg"
    }
  },
  {
    "model": "images.image",
    "pk": 3,
    "fields": {
      "name": "default.jpg",
      "img": "default.jpg"
    }
  },
  {
    "model": "images.image",
    "pk": 4,
    "fields": {
      "name": "img_1.jpg",
      "img": "img_1.jpg"
    }
  },
  {
    "model": "images.image",
    "pk": 5,
    "fields": {
      "name": "img_2.jpg",
      "img": "img_2.jpg"
    }
  },
  {
    "model": "images.image",
    "pk": 6,
    "fields": {
      "name": "img_3.jpg",
      "img": "img_3.jpg"
    }
  },
  {
    "model": "images.image",
    "pk": 7,
    "fields": {
      "name": "img_4.jpg",
      "img": "img_4.jpg"
    }
  },
  {
    "model": "images.image",
    "pk": 8,
    "fields": {
      "name": "img_5.jpg",
      "img": "img_5.jpg"
    }
  },
  {
    "model": "images.image",
    "pk": 9,
    "fields": {
      "name": "img_6.jpg",
      "img": "img_6.jpg"
    }
  },
  {
    "model": "images.image",
    "pk": 10,
    "fields": {
      "name": "img_7.jpg",
      "img": "img_7.jpg"
    }
  },
  {
    "model": "images.image",
    "pk": 11,
    "fields": {
      "name": "Livello_28.jpg",
      "img": "images/Livello_28.jpg"
    }
  },
  {
    "model": "images.image",
    "pk": 12,
    "fields": {
      "name": "Livello_30.jpg",
      "img": "images/Livello_30.jpg"
    }
  },
  {
    "model": "customers.customer",
    "pk": 3,
    "fields": {
      "password": "pbkdf2_sha256$120000$Ejqk6XN5s1jB$9yzmkgE5nm8WUleMxA0jyuh2TE6IVYWFJ7dayEHV0Sw=",
      "last_login": "2018-12-06T09:53:00.284Z",
      "is_superuser": true,
      "username": "super",
      "first_name": "",
      "last_name": "",
      "email": "email@email.com",
      "is_staff": true,
      "is_active": true,
      "date_joined": "2018-11-29T16:44:46.773Z",
      "_avatar": "",
      "birth_date": "1982-07-17",
      "activation_key": null,
      "activation_key_expired": "2018-12-01T16:44:04.841Z",
      "groups": [],
      "user_permissions": []
    }
  },
  {
    "model": "customers.customer",
    "pk": 20,
    "fields": {
      "password": "pbkdf2_sha256$120000$nx9YAI5wMRjT$bGaXImr9Glu9I4cRiVjUzNff+pYP94afSk80yJ0UHYk=",
      "last_login": "2018-11-30T16:47:45.758Z",
      "is_superuser": false,
      "username": "test",
      "first_name": "",
      "last_name": "",
      "email": "rr@mail.org",
      "is_staff": false,
      "is_active": true,
      "date_joined": "2018-11-29T19:44:26.436Z",
      "_avatar": "",
      "birth_date": "1982-01-25",
      "activation_key": "9257a4b249d8737a7db5532273271be7f970b24d",
      "activation_key_expired": "2018-12-01T19:43:40.821Z",
      "groups": [],
      "user_permissions": []
    }
  },
  {
    "model": "customers.customer",
    "pk": 21,
    "fields": {
      "password": "!79v0YdJbmfDA7e4qxrt3EE62VVRf5b1AMoss94zH",
      "last_login": "2018-11-30T19:24:53.053Z",
      "is_superuser": false,
      "username": "evgenyshkryabin",
      "first_name": "Evgeny",
      "last_name": "Shkryabin",
      "email": "evgenyshkryabin@gmail.com",
      "is_staff": false,
      "is_active": true,
      "date_joined": "2018-11-30T08:52:34.703Z",
      "_avatar": "",
      "birth_date": "1982-07-17",
      "activation_key": null,
      "activation_key_expired": "2018-12-02T08:51:39.590Z",
      "groups": [],
      "user_permissions": []
    }
  },
  {
    "model": "customers.customer",
    "pk": 25,
    "fields": {
      "password": "pbkdf2_sha256$120000$xxiZRjkf9wUz$OG6riPQRsLcakm5uIp3fsjjTABG46yr0pFXoWJYv5kM=",
      "last_login": "2018-12-09T19:47:11.406Z",
      "is_superuser": false,
      "username": "test600",
      "first_name": "",
      "last_name": "",
      "email": "rr@mail.org",
      "is_staff": false,
      "is_active": true,
      "date_joined": "2018-11-30T17:42:11.883Z",
      "_avatar": "",
      "birth_date": "1615-12-01",
      "activation_key": "d8b7dfe923ff0bc8f8d5b7f8e94313fdc11f8a44",
      "activation_key_expired": "2018-12-02T17:40:20.999Z",
      "groups": [],
      "user_permissions": []
    }
  },
  {
    "model": "customers.customer",
    "pk": 26,
    "fields": {
      "password": "pbkdf2_sha256$120000$Bst5UR1YGdjl$P8/joiuEmMIv73l9avkzkab173fJyNyIw233UwWTagY=",
      "last_login": "2018-11-30T17:43:15.392Z",
      "is_superuser": false,
      "username": "test400",
      "first_name": "",
      "last_name": "",
      "email": "rr@mail.org",
      "is_staff": false,
      "is_active": true,
      "date_joined": "2018-11-30T17:42:59.951Z",
      "_avatar": "",
      "birth_date": "1955-01-25",
      "activation_key": "a50a5075b090985de879c5a51da5f4d3c7102b26",
      "activation_key_expired": "2018-12-02T17:40:20.999Z",
      "groups": [],
      "user_permissions": []
    }
  },
  {
    "model": "customers.customerprofile",
    "pk": 2,
    "fields": {
      "customer": 3,
      "_age": null,
      "aboutMe": "55555555555",
      "gender": "M"
    }
  },
  {
    "model": "customers.customerprofile",
    "pk": 19,
    "fields": {
      "customer": 20,
      "_age": 36,
      "aboutMe": "5555555",
      "gender": "M"
    }
  },
  {
    "model": "customers.customerprofile",
    "pk": 20,
    "fields": {
      "customer": 21,
      "_age": 1,
      "aboutMe": "",
      "gender": "M"
    }
  },
  {
    "model": "customers.customerprofile",
    "pk": 24,
    "fields": {
      "customer": 25,
      "_age": 403,
      "aboutMe": "",
      "gender": "M"
    }
  },
  {
    "model": "customers.customerprofile",
    "pk": 25,
    "fields": {
      "customer": 26,
      "_age": 63,
      "aboutMe": "",
      "gender": "M"
    }
  },
  {
    "model": "authapp.authapp",
    "pk": 277,
    "fields": {
      "user": 20,
      "_logup": null,
      "_login": null,
      "_logout": "2018-11-30T20:41:48.291Z"
    }
  },
  {
    "model": "authapp.authapp",
    "pk": 278,
    "fields": {
      "user": 25,
      "_logup": "2018-11-30T20:42:28.014Z",
      "_login": null,
      "_logout": null
    }
  },
  {
    "model": "authapp.authapp",
    "pk": 279,
    "fields": {
      "user": 25,
      "_logup": null,
      "_login": "2018-11-30T20:42:28.647Z",
      "_logout": null
    }
  },
  {
    "model": "authapp.authapp",
    "pk": 280,
    "fields": {
      "user": 25,
      "_logup": null,
      "_login": null,
      "_logout": "2018-11-30T20:43:14.524Z"
    }
  },
  {
    "model": "authapp.authapp",
    "pk": 281,
    "fields": {
      "user": 26,
      "_logup": "2018-11-30T20:43:15.125Z",
      "_login": null,
      "_logout": null
    }
  },
  {
    "model": "authapp.authapp",
    "pk": 282,
    "fields": {
      "user": 26,
      "_logup": null,
      "_login": "2018-11-30T20:43:15.768Z",
      "_logout": null
    }
  },
  {
    "model": "authapp.authapp",
    "pk": 283,
    "fields": {
      "user": 26,
      "_logup": null,
      "_login": null,
      "_logout": "2018-11-30T22:24:46.875Z"
    }
  },
  {
    "model": "authapp.authapp",
    "pk": 284,
    "fields": {
      "user": 3,
      "_logup": null,
      "_login": "2018-12-06T12:52:59.802Z",
      "_logout": null
    }
  },
  {
    "model": "authapp.authapp",
    "pk": 285,
    "fields": {
      "user": 3,
      "_logup": null,
      "_login": null,
      "_logout": "2018-12-09T22:46:55.715Z"
    }
  },
  {
    "model": "authapp.authapp",
    "pk": 286,
    "fields": {
      "user": 25,
      "_logup": null,
      "_login": "2018-12-09T22:47:11.105Z",
      "_logout": null
    }
  },
  {
    "model": "ordersapp.order",
    "pk": 6,
    "fields": {
      "user": 25,
      "created": "2018-12-13T11:37:52.853Z",
      "modified": "2018-12-17T08:16:10.358Z",
      "status": "FM",
      "is_active": true
    }
  },
  {
    "model": "ordersapp.order",
    "pk": 7,
    "fields": {
      "user": 25,
      "created": "2018-12-17T08:23:27.724Z",
      "modified": "2018-12-17T08:23:27.724Z",
      "status": "FM",
      "is_active": true
    }
  },
  {
    "model": "ordersapp.order",
    "pk": 8,
    "fields": {
      "user": 25,
      "created": "2018-12-17T08:42:36.490Z",
      "modified": "2018-12-17T08:42:36.490Z",
      "status": "FM",
      "is_active": true
    }
  },
  {
    "model": "ordersapp.orderitem",
    "pk": 94,
    "fields": {
      "order": 6,
      "product": 203,
      "quantity": 5
    }
  },
  {
    "model": "ordersapp.orderitem",
    "pk": 95,
    "fields": {
      "order": 7,
      "product": 201,
      "quantity": 2
    }
  },
  {
    "model": "ordersapp.orderitem",
    "pk": 96,
    "fields": {
      "order": 7,
      "product": 206,
      "quantity": 1
    }
  },
  {
    "model": "ordersapp.orderitem",
    "pk": 97,
    "fields": {
      "order": 8,
      "product": 229,
      "quantity": 2
    }
  },
  {
    "model": "social_django.usersocialauth",
    "pk": 3,
    "fields": {
      "user": 21,
      "provider": "google-oauth2",
      "uid": "evgenyshkryabin@gmail.com",
      "extra_data": "{\"auth_time\": 1543605892, \"expires\": 3599, \"token_type\": \"Bearer\", \"access_token\": \"ya29.GlxkBkCgQg1rylkbn9n5kLyn4B_giXICs001e4lPmprSUOZWeKUSpw-dmfvp83rsf91Mp826woy4qh2_0L3LYAmRDYp0dre8-pMTL8k1Rk9I9KRjDDH7BRrf7z57RA\"}"
    }
  },
  {
    "model": "contacts.feedback",
    "pk": 1,
    "fields": {
      "user": 3,
      "email": "rr@mail.org",
      "text": "lhkjfghfkjhkfhlkgfhkjfghj;gf",
      "created": "2018-11-30T10:12:16.618Z"
    }
  },
  {
    "model": "contacts.feedback",
    "pk": 2,
    "fields": {
      "user": null,
      "email": "simpson@mail.ru",
      "text": "hhhhhhhh",
      "created": "2018-11-30T10:13:20.847Z"
    }
  },
  {
    "model": "contacts.feedback",
    "pk": 3,
    "fields": {
      "user": null,
      "email": "simpson@mail.ru",
      "text": "hhhhhhhh",
      "created": "2018-11-30T10:22:59.570Z"
    }
  },
  {
    "model": "admin.logentry",
    "pk": 75,
    "fields": {
      "action_time": "2018-11-29T16:45:13.562Z",
      "user": 3,
      "content_type": 12,
      "object_id": "2",
      "object_repr": "",
      "action_flag": 3,
      "change_message": ""
    }
  },
  {
    "model": "admin.logentry",
    "pk": 76,
    "fields": {
      "action_time": "2018-11-29T16:48:45.257Z",
      "user": 3,
      "content_type": 12,
      "object_id": "1",
      "object_repr": "admin",
      "action_flag": 3,
      "change_message": ""
    }
  },
  {
    "model": "admin.logentry",
    "pk": 77,
    "fields": {
      "action_time": "2018-11-29T17:42:33.468Z",
      "user": 3,
      "content_type": 12,
      "object_id": "4",
      "object_repr": "test",
      "action_flag": 3,
      "change_message": ""
    }
  },
  {
    "model": "admin.logentry",
    "pk": 78,
    "fields": {
      "action_time": "2018-11-29T17:42:33.617Z",
      "user": 3,
      "content_type": 12,
      "object_id": "8",
      "object_repr": "test100",
      "action_flag": 3,
      "change_message": ""
    }
  },
  {
    "model": "admin.logentry",
    "pk": 79,
    "fields": {
      "action_time": "2018-11-29T17:42:33.740Z",
      "user": 3,
      "content_type": 12,
      "object_id": "7",
      "object_repr": "test200",
      "action_flag": 3,
      "change_message": ""
    }
  },
  {
    "model": "admin.logentry",
    "pk": 80,
    "fields": {
      "action_time": "2018-11-29T17:42:33.863Z",
      "user": 3,
      "content_type": 12,
      "object_id": "6",
      "object_repr": "test400",
      "action_flag": 3,
      "change_message": ""
    }
  },
  {
    "model": "admin.logentry",
    "pk": 81,
    "fields": {
      "action_time": "2018-11-29T17:42:34.020Z",
      "user": 3,
      "content_type": 12,
      "object_id": "5",
      "object_repr": "test600",
      "action_flag": 3,
      "change_message": ""
    }
  },
  {
    "model": "admin.logentry",
    "pk": 82,
    "fields": {
      "action_time": "2018-11-29T18:21:19.870Z",
      "user": 3,
      "content_type": 12,
      "object_id": "9",
      "object_repr": "test",
      "action_flag": 3,
      "change_message": ""
    }
  },
  {
    "model": "admin.logentry",
    "pk": 83,
    "fields": {
      "action_time": "2018-11-29T18:21:20.034Z",
      "user": 3,
      "content_type": 12,
      "object_id": "10",
      "object_repr": "test600",
      "action_flag": 3,
      "change_message": ""
    }
  },
  {
    "model": "admin.logentry",
    "pk": 84,
    "fields": {
      "action_time": "2018-11-29T19:17:27.559Z",
      "user": 3,
      "content_type": 12,
      "object_id": "11",
      "object_repr": "test",
      "action_flag": 3,
      "change_message": ""
    }
  },
  {
    "model": "admin.logentry",
    "pk": 85,
    "fields": {
      "action_time": "2018-11-29T19:17:27.750Z",
      "user": 3,
      "content_type": 12,
      "object_id": "13",
      "object_repr": "test222",
      "action_flag": 3,
      "change_message": ""
    }
  },
  {
    "model": "admin.logentry",
    "pk": 86,
    "fields": {
      "action_time": "2018-11-29T19:17:27.884Z",
      "user": 3,
      "content_type": 12,
      "object_id": "12",
      "object_repr": "test600",
      "action_flag": 3,
      "change_message": ""
    }
  },
  {
    "model": "admin.logentry",
    "pk": 87,
    "fields": {
      "action_time": "2018-11-29T19:33:12.704Z",
      "user": 3,
      "content_type": 12,
      "object_id": "17",
      "object_repr": "t",
      "action_flag": 3,
      "change_message": ""
    }
  },
  {
    "model": "admin.logentry",
    "pk": 88,
    "fields": {
      "action_time": "2018-11-29T19:33:12.911Z",
      "user": 3,
      "content_type": 12,
      "object_id": "16",
      "object_repr": "test111",
      "action_flag": 3,
      "change_message": ""
    }
  },
  {
    "model": "admin.logentry",
    "pk": 89,
    "fields": {
      "action_time": "2018-11-29T19:33:13.033Z",
      "user": 3,
      "content_type": 12,
      "object_id": "15",
      "object_repr": "test222",
      "action_flag": 3,
      "change_message": ""
    }
  },
  {
    "model": "admin.logentry",
    "pk": 90,
    "fields": {
      "action_time": "2018-11-29T19:33:13.156Z",
      "user": 3,
      "content_type": 12,
      "object_id": "14",
      "object_repr": "test600",
      "action_flag": 3,
      "change_message": ""
    }
  },
  {
    "model": "admin.logentry",
    "pk": 91,
    "fields": {
      "action_time": "2018-11-29T19:33:13.277Z",
      "user": 3,
      "content_type": 12,
      "object_id": "18",
      "object_repr": "troll",
      "action_flag": 3,
      "change_message": ""
    }
  },
  {
    "model": "admin.logentry",
    "pk": 92,
    "fields": {
      "action_time": "2018-11-29T19:44:00.000Z",
      "user": 3,
      "content_type": 12,
      "object_id": "19",
      "object_repr": "test",
      "action_flag": 3,
      "change_message": ""
    }
  },
  {
    "model": "admin.logentry",
    "pk": 93,
    "fields": {
      "action_time": "2018-12-04T08:38:44.410Z",
      "user": 3,
      "content_type": 22,
      "object_id": "1",
      "object_repr": "super, order: 1, created: 2018-12-04 08:38",
      "action_flag": 1,
      "change_message": "[{\"added\": {}}]"
    }
  },
  {
    "model": "admin.logentry",
    "pk": 94,
    "fields": {
      "action_time": "2018-12-04T08:39:07.771Z",
      "user": 3,
      "content_type": 23,
      "object_id": "1",
      "object_repr": "Product_2",
      "action_flag": 1,
      "change_message": "[{\"added\": {}}]"
    }
  },
  {
    "model": "admin.logentry",
    "pk": 95,
    "fields": {
      "action_time": "2018-12-04T08:39:13.492Z",
      "user": 3,
      "content_type": 23,
      "object_id": "2",
      "object_repr": "Product_15",
      "action_flag": 1,
      "change_message": "[{\"added\": {}}]"
    }
  },
  {
    "model": "admin.logentry",
    "pk": 96,
    "fields": {
      "action_time": "2018-12-04T08:39:19.160Z",
      "user": 3,
      "content_type": 23,
      "object_id": "3",
      "object_repr": "Product_21",
      "action_flag": 1,
      "change_message": "[{\"added\": {}}]"
    }
  },
  {
    "model": "admin.logentry",
    "pk": 97,
    "fields": {
      "action_time": "2018-12-04T08:39:29.488Z",
      "user": 3,
      "content_type": 23,
      "object_id": "4",
      "object_repr": "Product_97",
      "action_flag": 1,
      "change_message": "[{\"added\": {}}]"
    }
  },
  {
    "model": "admin.logentry",
    "pk": 98,
    "fields": {
      "action_time": "2018-12-04T08:39:44.952Z",
      "user": 3,
      "content_type": 23,
      "object_id": "5",
      "object_repr": "Product_14",
      "action_flag": 1,
      "change_message": "[{\"added\": {}}]"
    }
  },
  {
    "model": "admin.logentry",
    "pk": 99,
    "fields": {
      "action_time": "2018-12-04T17:38:37.355Z",
      "user": 3,
      "content_type": 22,
      "object_id": "14",
      "object_repr": "super, order: 14, created: 2018-12-04 17:38",
      "action_flag": 1,
      "change_message": "[{\"added\": {}}, {\"added\": {\"name\": \"order item\", \"object\": \"Product_16\"}}, {\"added\": {\"name\": \"order item\", \"object\": \"Product_21\"}}]"
    }
  },
  {
    "model": "admin.logentry",
    "pk": 100,
    "fields": {
      "action_time": "2018-12-09T08:39:59.012Z",
      "user": 3,
      "content_type": 22,
      "object_id": "16",
      "object_repr": "super, order: 16, created: 2018-12-04 21:04",
      "action_flag": 3,
      "change_message": ""
    }
  },
  {
    "model": "admin.logentry",
    "pk": 101,
    "fields": {
      "action_time": "2018-12-09T08:39:59.199Z",
      "user": 3,
      "content_type": 22,
      "object_id": "15",
      "object_repr": "super, order: 15, created: 2018-12-04 21:04",
      "action_flag": 3,
      "change_message": ""
    }
  },
  {
    "model": "admin.logentry",
    "pk": 102,
    "fields": {
      "action_time": "2018-12-09T08:55:27.372Z",
      "user": 3,
      "content_type": 22,
      "object_id": "17",
      "object_repr": "super, order: 17, created: 2018-12-09 08:55",
      "action_flag": 1,
      "change_message": "[{\"added\": {}}, {\"added\": {\"name\": \"order item\", \"object\": \"Product_20\"}}]"
    }
  },
  {
    "model": "admin.logentry",
    "pk": 103,
    "fields": {
      "action_time": "2018-12-09T09:37:32.144Z",
      "user": 3,
      "content_type": 22,
      "object_id": "18",
      "object_repr": "super, order: 18, created: 2018-12-09 09:37",
      "action_flag": 1,
      "change_message": "[{\"added\": {}}, {\"added\": {\"name\": \"order item\", \"object\": \"Product_22\"}}, {\"added\": {\"name\": \"order item\", \"object\": \"Product_20\"}}]"
    }
  },
  {
    "model": "admin.logentry",
    "pk": 104,
    "fields": {
      "action_time": "2018-12-09T10:02:25.959Z",
      "user": 3,
      "content_type": 22,
      "object_id": "19",
      "object_repr": "Evgeny Shkryabin, order: 19, created: 2018-12-09 10:02",
      "action_flag": 1,
      "change_message": "[{\"added\": {}}, {\"added\": {\"name\": \"order item\", \"object\": \"Product_23\"}}]"
    }
  }
]