[{"model": "auth.permission", "pk": 93, "fields": {"name": "Can add log entry", "content_type": 24, "codename": "add_logentry"}}, {"model": "auth.permission", "pk": 94, "fields": {"name": "Can change log entry", "content_type": 24, "codename": "change_logentry"}}, {"model": "auth.permission", "pk": 95, "fields": {"name": "Can delete log entry", "content_type": 24, "codename": "delete_logentry"}}, {"model": "auth.permission", "pk": 96, "fields": {"name": "Can view log entry", "content_type": 24, "codename": "view_logentry"}}, {"model": "auth.permission", "pk": 97, "fields": {"name": "Can add permission", "content_type": 25, "codename": "add_permission"}}, {"model": "auth.permission", "pk": 98, "fields": {"name": "Can change permission", "content_type": 25, "codename": "change_permission"}}, {"model": "auth.permission", "pk": 99, "fields": {"name": "Can delete permission", "content_type": 25, "codename": "delete_permission"}}, {"model": "auth.permission", "pk": 100, "fields": {"name": "Can view permission", "content_type": 25, "codename": "view_permission"}}, {"model": "auth.permission", "pk": 101, "fields": {"name": "Can add group", "content_type": 26, "codename": "add_group"}}, {"model": "auth.permission", "pk": 102, "fields": {"name": "Can change group", "content_type": 26, "codename": "change_group"}}, {"model": "auth.permission", "pk": 103, "fields": {"name": "Can delete group", "content_type": 26, "codename": "delete_group"}}, {"model": "auth.permission", "pk": 104, "fields": {"name": "Can view group", "content_type": 26, "codename": "view_group"}}, {"model": "auth.permission", "pk": 105, "fields": {"name": "Can add content type", "content_type": 27, "codename": "add_contenttype"}}, {"model": "auth.permission", "pk": 106, "fields": {"name": "Can change content type", "content_type": 27, "codename": "change_contenttype"}}, {"model": "auth.permission", "pk": 107, "fields": {"name": "Can delete content type", "content_type": 27, "codename": "delete_contenttype"}}, {"model": "auth.permission", "pk": 108, "fields": {"name": "Can view content type", "content_type": 27, "codename": "view_contenttype"}}, {"model": "auth.permission", "pk": 109, "fields": {"name": "Can add session", "content_type": 28, "codename": "add_session"}}, {"model": "auth.permission", "pk": 110, "fields": {"name": "Can change session", "content_type": 28, "codename": "change_session"}}, {"model": "auth.permission", "pk": 111, "fields": {"name": "Can delete session", "content_type": 28, "codename": "delete_session"}}, {"model": "auth.permission", "pk": 112, "fields": {"name": "Can view session", "content_type": 28, "codename": "view_session"}}, {"model": "auth.permission", "pk": 113, "fields": {"name": "Can add author", "content_type": 29, "codename": "add_author"}}, {"model": "auth.permission", "pk": 114, "fields": {"name": "Can change author", "content_type": 29, "codename": "change_author"}}, {"model": "auth.permission", "pk": 115, "fields": {"name": "Can delete author", "content_type": 29, "codename": "delete_author"}}, {"model": "auth.permission", "pk": 116, "fields": {"name": "Can view author", "content_type": 29, "codename": "view_author"}}, {"model": "auth.permission", "pk": 117, "fields": {"name": "Can add main page content", "content_type": 30, "codename": "add_mainpagecontent"}}, {"model": "auth.permission", "pk": 118, "fields": {"name": "Can change main page content", "content_type": 30, "codename": "change_mainpagecontent"}}, {"model": "auth.permission", "pk": 119, "fields": {"name": "Can delete main page content", "content_type": 30, "codename": "delete_mainpagecontent"}}, {"model": "auth.permission", "pk": 120, "fields": {"name": "Can view main page content", "content_type": 30, "codename": "view_mainpagecontent"}}, {"model": "auth.permission", "pk": 121, "fields": {"name": "Can add feedback", "content_type": 31, "codename": "add_feedback"}}, {"model": "auth.permission", "pk": 122, "fields": {"name": "Can change feedback", "content_type": 31, "codename": "change_feedback"}}, {"model": "auth.permission", "pk": 123, "fields": {"name": "Can delete feedback", "content_type": 31, "codename": "delete_feedback"}}, {"model": "auth.permission", "pk": 124, "fields": {"name": "Can view feedback", "content_type": 31, "codename": "view_feedback"}}, {"model": "auth.permission", "pk": 125, "fields": {"name": "Can add category", "content_type": 32, "codename": "add_category"}}, {"model": "auth.permission", "pk": 126, "fields": {"name": "Can change category", "content_type": 32, "codename": "change_category"}}, {"model": "auth.permission", "pk": 127, "fields": {"name": "Can delete category", "content_type": 32, "codename": "delete_category"}}, {"model": "auth.permission", "pk": 128, "fields": {"name": "Can view category", "content_type": 32, "codename": "view_category"}}, {"model": "auth.permission", "pk": 129, "fields": {"name": "Can add product marker", "content_type": 33, "codename": "add_productmarker"}}, {"model": "auth.permission", "pk": 130, "fields": {"name": "Can change product marker", "content_type": 33, "codename": "change_productmarker"}}, {"model": "auth.permission", "pk": 131, "fields": {"name": "Can delete product marker", "content_type": 33, "codename": "delete_productmarker"}}, {"model": "auth.permission", "pk": 132, "fields": {"name": "Can view product marker", "content_type": 33, "codename": "view_productmarker"}}, {"model": "auth.permission", "pk": 133, "fields": {"name": "Can add product", "content_type": 34, "codename": "add_product"}}, {"model": "auth.permission", "pk": 134, "fields": {"name": "Can change product", "content_type": 34, "codename": "change_product"}}, {"model": "auth.permission", "pk": 135, "fields": {"name": "Can delete product", "content_type": 34, "codename": "delete_product"}}, {"model": "auth.permission", "pk": 136, "fields": {"name": "Can view product", "content_type": 34, "codename": "view_product"}}, {"model": "auth.permission", "pk": 137, "fields": {"name": "Can add image", "content_type": 35, "codename": "add_image"}}, {"model": "auth.permission", "pk": 138, "fields": {"name": "Can change image", "content_type": 35, "codename": "change_image"}}, {"model": "auth.permission", "pk": 139, "fields": {"name": "Can delete image", "content_type": 35, "codename": "delete_image"}}, {"model": "auth.permission", "pk": 140, "fields": {"name": "Can view image", "content_type": 35, "codename": "view_image"}}, {"model": "auth.permission", "pk": 141, "fields": {"name": "Can add user", "content_type": 36, "codename": "add_customer"}}, {"model": "auth.permission", "pk": 142, "fields": {"name": "Can change user", "content_type": 36, "codename": "change_customer"}}, {"model": "auth.permission", "pk": 143, "fields": {"name": "Can delete user", "content_type": 36, "codename": "delete_customer"}}, {"model": "auth.permission", "pk": 144, "fields": {"name": "Can view user", "content_type": 36, "codename": "view_customer"}}, {"model": "auth.permission", "pk": 145, "fields": {"name": "Can add customer profile", "content_type": 37, "codename": "add_customerprofile"}}, {"model": "auth.permission", "pk": 146, "fields": {"name": "Can change customer profile", "content_type": 37, "codename": "change_customerprofile"}}, {"model": "auth.permission", "pk": 147, "fields": {"name": "Can delete customer profile", "content_type": 37, "codename": "delete_customerprofile"}}, {"model": "auth.permission", "pk": 148, "fields": {"name": "Can view customer profile", "content_type": 37, "codename": "view_customerprofile"}}, {"model": "auth.permission", "pk": 149, "fields": {"name": "Can add basket", "content_type": 38, "codename": "add_basket"}}, {"model": "auth.permission", "pk": 150, "fields": {"name": "Can change basket", "content_type": 38, "codename": "change_basket"}}, {"model": "auth.permission", "pk": 151, "fields": {"name": "Can delete basket", "content_type": 38, "codename": "delete_basket"}}, {"model": "auth.permission", "pk": 152, "fields": {"name": "Can view basket", "content_type": 38, "codename": "view_basket"}}, {"model": "auth.permission", "pk": 153, "fields": {"name": "Can add auth app", "content_type": 39, "codename": "add_authapp"}}, {"model": "auth.permission", "pk": 154, "fields": {"name": "Can change auth app", "content_type": 39, "codename": "change_authapp"}}, {"model": "auth.permission", "pk": 155, "fields": {"name": "Can delete auth app", "content_type": 39, "codename": "delete_authapp"}}, {"model": "auth.permission", "pk": 156, "fields": {"name": "Can view auth app", "content_type": 39, "codename": "view_authapp"}}, {"model": "auth.permission", "pk": 157, "fields": {"name": "Can add order", "content_type": 40, "codename": "add_order"}}, {"model": "auth.permission", "pk": 158, "fields": {"name": "Can change order", "content_type": 40, "codename": "change_order"}}, {"model": "auth.permission", "pk": 159, "fields": {"name": "Can delete order", "content_type": 40, "codename": "delete_order"}}, {"model": "auth.permission", "pk": 160, "fields": {"name": "Can view order", "content_type": 40, "codename": "view_order"}}, {"model": "auth.permission", "pk": 161, "fields": {"name": "Can add order item", "content_type": 41, "codename": "add_orderitem"}}, {"model": "auth.permission", "pk": 162, "fields": {"name": "Can change order item", "content_type": 41, "codename": "change_orderitem"}}, {"model": "auth.permission", "pk": 163, "fields": {"name": "Can delete order item", "content_type": 41, "codename": "delete_orderitem"}}, {"model": "auth.permission", "pk": 164, "fields": {"name": "Can view order item", "content_type": 41, "codename": "view_orderitem"}}, {"model": "auth.permission", "pk": 165, "fields": {"name": "Can add user social auth", "content_type": 42, "codename": "add_usersocialauth"}}, {"model": "auth.permission", "pk": 166, "fields": {"name": "Can change user social auth", "content_type": 42, "codename": "change_usersocialauth"}}, {"model": "auth.permission", "pk": 167, "fields": {"name": "Can delete user social auth", "content_type": 42, "codename": "delete_usersocialauth"}}, {"model": "auth.permission", "pk": 168, "fields": {"name": "Can view user social auth", "content_type": 42, "codename": "view_usersocialauth"}}, {"model": "auth.permission", "pk": 169, "fields": {"name": "Can add nonce", "content_type": 43, "codename": "add_nonce"}}, {"model": "auth.permission", "pk": 170, "fields": {"name": "Can change nonce", "content_type": 43, "codename": "change_nonce"}}, {"model": "auth.permission", "pk": 171, "fields": {"name": "Can delete nonce", "content_type": 43, "codename": "delete_nonce"}}, {"model": "auth.permission", "pk": 172, "fields": {"name": "Can view nonce", "content_type": 43, "codename": "view_nonce"}}, {"model": "auth.permission", "pk": 173, "fields": {"name": "Can add association", "content_type": 44, "codename": "add_association"}}, {"model": "auth.permission", "pk": 174, "fields": {"name": "Can change association", "content_type": 44, "codename": "change_association"}}, {"model": "auth.permission", "pk": 175, "fields": {"name": "Can delete association", "content_type": 44, "codename": "delete_association"}}, {"model": "auth.permission", "pk": 176, "fields": {"name": "Can view association", "content_type": 44, "codename": "view_association"}}, {"model": "auth.permission", "pk": 177, "fields": {"name": "Can add code", "content_type": 45, "codename": "add_code"}}, {"model": "auth.permission", "pk": 178, "fields": {"name": "Can change code", "content_type": 45, "codename": "change_code"}}, {"model": "auth.permission", "pk": 179, "fields": {"name": "Can delete code", "content_type": 45, "codename": "delete_code"}}, {"model": "auth.permission", "pk": 180, "fields": {"name": "Can view code", "content_type": 45, "codename": "view_code"}}, {"model": "auth.permission", "pk": 181, "fields": {"name": "Can add partial", "content_type": 46, "codename": "add_partial"}}, {"model": "auth.permission", "pk": 182, "fields": {"name": "Can change partial", "content_type": 46, "codename": "change_partial"}}, {"model": "auth.permission", "pk": 183, "fields": {"name": "Can delete partial", "content_type": 46, "codename": "delete_partial"}}, {"model": "auth.permission", "pk": 184, "fields": {"name": "Can view partial", "content_type": 46, "codename": "view_partial"}}, {"model": "products.category", "pk": 1, "fields": {"name": "Category_1", "short_text": null, "created": "2018-12-19T21:26:40.247Z", "modified": "2018-12-19T21:26:40.247Z"}}, {"model": "products.category", "pk": 2, "fields": {"name": "Category_2", "short_text": null, "created": "2018-12-19T21:26:40.382Z", "modified": "2018-12-19T21:26:40.382Z"}}, {"model": "products.category", "pk": 3, "fields": {"name": "Category_3", "short_text": null, "created": "2018-12-19T21:26:40.516Z", "modified": "2018-12-19T21:26:40.516Z"}}, {"model": "products.category", "pk": 4, "fields": {"name": "Category_4", "short_text": null, "created": "2018-12-19T21:26:40.638Z", "modified": "2018-12-19T21:26:40.638Z"}}, {"model": "products.category", "pk": 5, "fields": {"name": "Category_5", "short_text": null, "created": "2018-12-19T21:26:40.771Z", "modified": "2018-12-19T21:26:40.771Z"}}, {"model": "products.category", "pk": 6, "fields": {"name": "Category_6", "short_text": null, "created": "2018-12-19T21:26:40.894Z", "modified": "2018-12-19T21:26:40.894Z"}}, {"model": "products.category", "pk": 7, "fields": {"name": "Category_7", "short_text": null, "created": "2018-12-19T21:26:41.015Z", "modified": "2018-12-19T21:26:41.015Z"}}, {"model": "products.category", "pk": 8, "fields": {"name": "Category_8", "short_text": null, "created": "2018-12-19T21:26:41.138Z", "modified": "2018-12-19T21:26:41.138Z"}}, {"model": "products.category", "pk": 9, "fields": {"name": "Category_9", "short_text": null, "created": "2018-12-19T21:26:41.319Z", "modified": "2018-12-19T21:26:41.319Z"}}, {"model": "products.category", "pk": 10, "fields": {"name": "Category_10", "short_text": null, "created": "2018-12-19T21:26:41.470Z", "modified": "2018-12-19T21:26:41.470Z"}}, {"model": "products.productmarker", "pk": 1, "fields": {"corner": "corner_new"}}, {"model": "products.productmarker", "pk": 2, "fields": {"corner": "corner_hot"}}, {"model": "products.productmarker", "pk": 3, "fields": {"corner": "None"}}, {"model": "products.product", "pk": 1, "fields": {"name": "Product_1", "short_text": "Product short text", "long_text": "Product long text", "now_price": "1165.00", "old_price": "1638.00", "currency": "\u20bd", "product_marker": 3, "category": 6, "image": 14, "created": "2018-12-19T21:26:42.038Z", "modified": "2018-12-19T21:26:42.038Z", "is_active": true, "quantity": 9}}, {"model": "products.product", "pk": 2, "fields": {"name": "Product_2", "short_text": "Product short text", "long_text": "Product long text", "now_price": "1283.00", "old_price": "1861.00", "currency": "\u20bd", "product_marker": 2, "category": 6, "image": 13, "created": "2018-12-19T21:26:42.194Z", "modified": "2018-12-19T21:26:42.194Z", "is_active": true, "quantity": 9}}, {"model": "products.product", "pk": 3, "fields": {"name": "Product_3", "short_text": "Product short text", "long_text": "Product long text", "now_price": "1091.00", "old_price": "1522.00", "currency": "\u20bd", "product_marker": 1, "category": 6, "image": 9, "created": "2018-12-19T21:26:42.350Z", "modified": "2018-12-19T21:26:42.350Z", "is_active": true, "quantity": 9}}, {"model": "products.product", "pk": 4, "fields": {"name": "Product_4", "short_text": "Product short text", "long_text": "Product long text", "now_price": "1479.00", "old_price": "1704.00", "currency": "\u20bd", "product_marker": 2, "category": 2, "image": 16, "created": "2018-12-19T21:26:42.505Z", "modified": "2018-12-19T21:26:42.505Z", "is_active": true, "quantity": 14}}, {"model": "products.product", "pk": 5, "fields": {"name": "Product_5", "short_text": "Product short text", "long_text": "Product long text", "now_price": "1313.00", "old_price": "1682.00", "currency": "\u20bd", "product_marker": 2, "category": 5, "image": 14, "created": "2018-12-19T21:26:42.667Z", "modified": "2018-12-19T21:26:42.667Z", "is_active": true, "quantity": 14}}, {"model": "products.product", "pk": 6, "fields": {"name": "Product_6", "short_text": "Product short text", "long_text": "Product long text", "now_price": "1402.00", "old_price": "1868.00", "currency": "\u20bd", "product_marker": 1, "category": 1, "image": 15, "created": "2018-12-19T21:26:42.793Z", "modified": "2018-12-19T21:26:42.793Z", "is_active": true, "quantity": 12}}, {"model": "products.product", "pk": 7, "fields": {"name": "Product_7", "short_text": "Product short text", "long_text": "Product long text", "now_price": "1031.00", "old_price": "1638.00", "currency": "\u20bd", "product_marker": 3, "category": 10, "image": 13, "created": "2018-12-19T21:26:42.937Z", "modified": "2018-12-19T21:26:42.937Z", "is_active": true, "quantity": 8}}, {"model": "products.product", "pk": 8, "fields": {"name": "Product_8", "short_text": "Product short text", "long_text": "Product long text", "now_price": "1475.00", "old_price": "1678.00", "currency": "\u20bd", "product_marker": 2, "category": 5, "image": 9, "created": "2018-12-19T21:26:43.093Z", "modified": "2018-12-19T21:26:43.093Z", "is_active": true, "quantity": 9}}, {"model": "products.product", "pk": 9, "fields": {"name": "Product_9", "short_text": "Product short text", "long_text": "Product long text", "now_price": "1168.00", "old_price": "1524.00", "currency": "\u20bd", "product_marker": 2, "category": 1, "image": 16, "created": "2018-12-19T21:26:43.237Z", "modified": "2018-12-19T21:26:43.237Z", "is_active": true, "quantity": 5}}, {"model": "products.product", "pk": 10, "fields": {"name": "Product_10", "short_text": "Product short text", "long_text": "Product long text", "now_price": "1032.00", "old_price": "1629.00", "currency": "\u20bd", "product_marker": 2, "category": 4, "image": 16, "created": "2018-12-19T21:26:43.370Z", "modified": "2018-12-19T21:26:43.370Z", "is_active": true, "quantity": 13}}, {"model": "products.product", "pk": 11, "fields": {"name": "Product_11", "short_text": "Product short text", "long_text": "Product long text", "now_price": "1217.00", "old_price": "1767.00", "currency": "\u20bd", "product_marker": 2, "category": 8, "image": 13, "created": "2018-12-19T21:26:43.516Z", "modified": "2018-12-19T21:26:43.516Z", "is_active": true, "quantity": 15}}, {"model": "products.product", "pk": 12, "fields": {"name": "Product_12", "short_text": "Product short text", "long_text": "Product long text", "now_price": "1297.00", "old_price": "1850.00", "currency": "\u20bd", "product_marker": 2, "category": 3, "image": 9, "created": "2018-12-19T21:26:43.660Z", "modified": "2018-12-19T21:26:43.660Z", "is_active": true, "quantity": 7}}, {"model": "products.product", "pk": 13, "fields": {"name": "Product_13", "short_text": "Product short text", "long_text": "Product long text", "now_price": "1207.00", "old_price": "1838.00", "currency": "\u20bd", "product_marker": 3, "category": 4, "image": 16, "created": "2018-12-19T21:26:43.793Z", "modified": "2018-12-19T21:26:43.793Z", "is_active": true, "quantity": 7}}, {"model": "products.product", "pk": 14, "fields": {"name": "Product_14", "short_text": "Product short text", "long_text": "Product long text", "now_price": "1241.00", "old_price": "1887.00", "currency": "\u20bd", "product_marker": 1, "category": 2, "image": 11, "created": "2018-12-19T21:26:43.926Z", "modified": "2018-12-19T21:26:43.926Z", "is_active": true, "quantity": 9}}, {"model": "products.product", "pk": 15, "fields": {"name": "Product_15", "short_text": "Product short text", "long_text": "Product long text", "now_price": "1490.00", "old_price": "1599.00", "currency": "\u20bd", "product_marker": 3, "category": 7, "image": 16, "created": "2018-12-19T21:26:44.081Z", "modified": "2018-12-19T21:26:44.081Z", "is_active": true, "quantity": 5}}, {"model": "products.product", "pk": 16, "fields": {"name": "Product_16", "short_text": "Product short text", "long_text": "Product long text", "now_price": "1287.00", "old_price": "1949.00", "currency": "\u20bd", "product_marker": 3, "category": 6, "image": 11, "created": "2018-12-19T21:26:44.236Z", "modified": "2018-12-19T21:26:44.236Z", "is_active": true, "quantity": 11}}, {"model": "products.product", "pk": 17, "fields": {"name": "Product_17", "short_text": "Product short text", "long_text": "Product long text", "now_price": "1233.00", "old_price": "1864.00", "currency": "\u20bd", "product_marker": 3, "category": 4, "image": 10, "created": "2018-12-19T21:26:44.381Z", "modified": "2018-12-19T21:26:44.381Z", "is_active": true, "quantity": 5}}, {"model": "products.product", "pk": 18, "fields": {"name": "Product_18", "short_text": "Product short text", "long_text": "Product long text", "now_price": "1294.00", "old_price": "1711.00", "currency": "\u20bd", "product_marker": 1, "category": 4, "image": 11, "created": "2018-12-19T21:26:44.526Z", "modified": "2018-12-19T21:26:44.526Z", "is_active": true, "quantity": 6}}, {"model": "products.product", "pk": 19, "fields": {"name": "Product_19", "short_text": "Product short text", "long_text": "Product long text", "now_price": "1273.00", "old_price": "1778.00", "currency": "\u20bd", "product_marker": 1, "category": 9, "image": 9, "created": "2018-12-19T21:26:44.673Z", "modified": "2018-12-19T21:26:44.673Z", "is_active": true, "quantity": 10}}, {"model": "products.product", "pk": 20, "fields": {"name": "Product_20", "short_text": "Product short text", "long_text": "Product long text", "now_price": "1140.00", "old_price": "1775.00", "currency": "\u20bd", "product_marker": 3, "category": 2, "image": 11, "created": "2018-12-19T21:26:44.816Z", "modified": "2018-12-19T21:26:44.816Z", "is_active": true, "quantity": 7}}, {"model": "products.product", "pk": 21, "fields": {"name": "Product_21", "short_text": "Product short text", "long_text": "Product long text", "now_price": "1035.00", "old_price": "1557.00", "currency": "\u20bd", "product_marker": 1, "category": 4, "image": 10, "created": "2018-12-19T21:26:44.972Z", "modified": "2018-12-19T21:26:44.972Z", "is_active": true, "quantity": 8}}, {"model": "products.product", "pk": 22, "fields": {"name": "Product_22", "short_text": "Product short text", "long_text": "Product long text", "now_price": "1267.00", "old_price": "1627.00", "currency": "\u20bd", "product_marker": 2, "category": 3, "image": 16, "created": "2018-12-19T21:26:45.104Z", "modified": "2018-12-19T21:26:45.104Z", "is_active": true, "quantity": 12}}, {"model": "products.product", "pk": 23, "fields": {"name": "Product_23", "short_text": "Product short text", "long_text": "Product long text", "now_price": "1448.00", "old_price": "1526.00", "currency": "\u20bd", "product_marker": 1, "category": 1, "image": 14, "created": "2018-12-19T21:26:45.249Z", "modified": "2018-12-19T21:26:45.250Z", "is_active": true, "quantity": 11}}, {"model": "products.product", "pk": 24, "fields": {"name": "Product_24", "short_text": "Product short text", "long_text": "Product long text", "now_price": "1377.00", "old_price": "1810.00", "currency": "\u20bd", "product_marker": 2, "category": 10, "image": 12, "created": "2018-12-19T21:26:45.415Z", "modified": "2018-12-19T21:26:45.415Z", "is_active": true, "quantity": 11}}, {"model": "products.product", "pk": 25, "fields": {"name": "Product_25", "short_text": "Product short text", "long_text": "Product long text", "now_price": "1184.00", "old_price": "1888.00", "currency": "\u20bd", "product_marker": 3, "category": 7, "image": 11, "created": "2018-12-19T21:26:45.559Z", "modified": "2018-12-19T21:26:45.559Z", "is_active": true, "quantity": 15}}, {"model": "products.product", "pk": 26, "fields": {"name": "Product_26", "short_text": "Product short text", "long_text": "Product long text", "now_price": "1073.00", "old_price": "1660.00", "currency": "\u20bd", "product_marker": 1, "category": 7, "image": 14, "created": "2018-12-19T21:26:45.703Z", "modified": "2018-12-19T21:26:45.703Z", "is_active": true, "quantity": 11}}, {"model": "products.product", "pk": 27, "fields": {"name": "Product_27", "short_text": "Product short text", "long_text": "Product long text", "now_price": "1463.00", "old_price": "1893.00", "currency": "\u20bd", "product_marker": 3, "category": 5, "image": 14, "created": "2018-12-19T21:26:45.849Z", "modified": "2018-12-19T21:26:45.849Z", "is_active": true, "quantity": 5}}, {"model": "products.product", "pk": 28, "fields": {"name": "Product_28", "short_text": "Product short text", "long_text": "Product long text", "now_price": "1452.00", "old_price": "1805.00", "currency": "\u20bd", "product_marker": 1, "category": 6, "image": 13, "created": "2018-12-19T21:26:45.981Z", "modified": "2018-12-19T21:26:45.982Z", "is_active": true, "quantity": 8}}, {"model": "products.product", "pk": 29, "fields": {"name": "Product_29", "short_text": "Product short text", "long_text": "Product long text", "now_price": "1433.00", "old_price": "1804.00", "currency": "\u20bd", "product_marker": 3, "category": 4, "image": 13, "created": "2018-12-19T21:26:46.139Z", "modified": "2018-12-19T21:26:46.139Z", "is_active": true, "quantity": 13}}, {"model": "products.product", "pk": 30, "fields": {"name": "Product_30", "short_text": "Product short text", "long_text": "Product long text", "now_price": "1132.00", "old_price": "1792.00", "currency": "\u20bd", "product_marker": 2, "category": 1, "image": 16, "created": "2018-12-19T21:26:46.271Z", "modified": "2018-12-19T21:26:46.271Z", "is_active": true, "quantity": 12}}, {"model": "products.product", "pk": 31, "fields": {"name": "Product_31", "short_text": "Product short text", "long_text": "Product long text", "now_price": "1054.00", "old_price": "1702.00", "currency": "\u20bd", "product_marker": 2, "category": 6, "image": 12, "created": "2018-12-19T21:26:46.416Z", "modified": "2018-12-19T21:26:46.416Z", "is_active": true, "quantity": 15}}, {"model": "products.product", "pk": 32, "fields": {"name": "Product_32", "short_text": "Product short text", "long_text": "Product long text", "now_price": "1123.00", "old_price": "1556.00", "currency": "\u20bd", "product_marker": 2, "category": 8, "image": 15, "created": "2018-12-19T21:26:46.559Z", "modified": "2018-12-19T21:26:46.559Z", "is_active": true, "quantity": 15}}, {"model": "products.product", "pk": 33, "fields": {"name": "Product_33", "short_text": "Product short text", "long_text": "Product long text", "now_price": "1376.00", "old_price": "1531.00", "currency": "\u20bd", "product_marker": 1, "category": 8, "image": 15, "created": "2018-12-19T21:26:46.693Z", "modified": "2018-12-19T21:26:46.693Z", "is_active": true, "quantity": 8}}, {"model": "products.product", "pk": 34, "fields": {"name": "Product_34", "short_text": "Product short text", "long_text": "Product long text", "now_price": "1036.00", "old_price": "1616.00", "currency": "\u20bd", "product_marker": 1, "category": 7, "image": 12, "created": "2018-12-19T21:26:46.850Z", "modified": "2018-12-19T21:26:46.850Z", "is_active": true, "quantity": 12}}, {"model": "products.product", "pk": 35, "fields": {"name": "Product_35", "short_text": "Product short text", "long_text": "Product long text", "now_price": "1244.00", "old_price": "1847.00", "currency": "\u20bd", "product_marker": 1, "category": 5, "image": 11, "created": "2018-12-19T21:26:46.993Z", "modified": "2018-12-19T21:26:46.993Z", "is_active": true, "quantity": 8}}, {"model": "products.product", "pk": 36, "fields": {"name": "Product_36", "short_text": "Product short text", "long_text": "Product long text", "now_price": "1148.00", "old_price": "1879.00", "currency": "\u20bd", "product_marker": 1, "category": 7, "image": 16, "created": "2018-12-19T21:26:47.155Z", "modified": "2018-12-19T21:26:47.155Z", "is_active": true, "quantity": 5}}, {"model": "products.product", "pk": 37, "fields": {"name": "Product_37", "short_text": "Product short text", "long_text": "Product long text", "now_price": "1027.00", "old_price": "1613.00", "currency": "\u20bd", "product_marker": 2, "category": 1, "image": 12, "created": "2018-12-19T21:26:47.282Z", "modified": "2018-12-19T21:26:47.282Z", "is_active": true, "quantity": 5}}, {"model": "products.product", "pk": 38, "fields": {"name": "Product_38", "short_text": "Product short text", "long_text": "Product long text", "now_price": "1015.00", "old_price": "1618.00", "currency": "\u20bd", "product_marker": 1, "category": 6, "image": 9, "created": "2018-12-19T21:26:47.537Z", "modified": "2018-12-19T21:26:47.537Z", "is_active": true, "quantity": 6}}, {"model": "products.product", "pk": 39, "fields": {"name": "Product_39", "short_text": "Product short text", "long_text": "Product long text", "now_price": "1436.00", "old_price": "1951.00", "currency": "\u20bd", "product_marker": 3, "category": 10, "image": 12, "created": "2018-12-19T21:26:47.694Z", "modified": "2018-12-19T21:26:47.694Z", "is_active": true, "quantity": 13}}, {"model": "products.product", "pk": 40, "fields": {"name": "Product_40", "short_text": "Product short text", "long_text": "Product long text", "now_price": "1351.00", "old_price": "1510.00", "currency": "\u20bd", "product_marker": 1, "category": 4, "image": 15, "created": "2018-12-19T21:26:47.841Z", "modified": "2018-12-19T21:26:47.841Z", "is_active": true, "quantity": 15}}, {"model": "products.product", "pk": 41, "fields": {"name": "Product_41", "short_text": "Product short text", "long_text": "Product long text", "now_price": "1460.00", "old_price": "1824.00", "currency": "\u20bd", "product_marker": 2, "category": 8, "image": 14, "created": "2018-12-19T21:26:47.972Z", "modified": "2018-12-19T21:26:47.972Z", "is_active": true, "quantity": 9}}, {"model": "products.product", "pk": 42, "fields": {"name": "Product_42", "short_text": "Product short text", "long_text": "Product long text", "now_price": "1400.00", "old_price": "1697.00", "currency": "\u20bd", "product_marker": 1, "category": 3, "image": 9, "created": "2018-12-19T21:26:48.167Z", "modified": "2018-12-19T21:26:48.167Z", "is_active": true, "quantity": 8}}, {"model": "products.product", "pk": 43, "fields": {"name": "Product_43", "short_text": "Product short text", "long_text": "Product long text", "now_price": "1021.00", "old_price": "1570.00", "currency": "\u20bd", "product_marker": 1, "category": 6, "image": 13, "created": "2018-12-19T21:26:48.391Z", "modified": "2018-12-19T21:26:48.392Z", "is_active": true, "quantity": 10}}, {"model": "products.product", "pk": 44, "fields": {"name": "Product_44", "short_text": "Product short text", "long_text": "Product long text", "now_price": "1207.00", "old_price": "1976.00", "currency": "\u20bd", "product_marker": 2, "category": 9, "image": 16, "created": "2018-12-19T21:26:48.628Z", "modified": "2018-12-19T21:26:48.628Z", "is_active": true, "quantity": 6}}, {"model": "products.product", "pk": 45, "fields": {"name": "Product_45", "short_text": "Product short text", "long_text": "Product long text", "now_price": "1481.00", "old_price": "1998.00", "currency": "\u20bd", "product_marker": 3, "category": 7, "image": 14, "created": "2018-12-19T21:26:48.846Z", "modified": "2018-12-19T21:26:48.846Z", "is_active": true, "quantity": 14}}, {"model": "products.product", "pk": 46, "fields": {"name": "Product_46", "short_text": "Product short text", "long_text": "Product long text", "now_price": "1214.00", "old_price": "1655.00", "currency": "\u20bd", "product_marker": 1, "category": 7, "image": 12, "created": "2018-12-19T21:26:49.015Z", "modified": "2018-12-19T21:26:49.015Z", "is_active": true, "quantity": 14}}, {"model": "products.product", "pk": 47, "fields": {"name": "Product_47", "short_text": "Product short text", "long_text": "Product long text", "now_price": "1423.00", "old_price": "1660.00", "currency": "\u20bd", "product_marker": 2, "category": 7, "image": 15, "created": "2018-12-19T21:26:49.179Z", "modified": "2018-12-19T21:26:49.179Z", "is_active": true, "quantity": 5}}, {"model": "products.product", "pk": 48, "fields": {"name": "Product_48", "short_text": "Product short text", "long_text": "Product long text", "now_price": "1176.00", "old_price": "1782.00", "currency": "\u20bd", "product_marker": 2, "category": 4, "image": 15, "created": "2018-12-19T21:26:49.368Z", "modified": "2018-12-19T21:26:49.368Z", "is_active": true, "quantity": 11}}, {"model": "products.product", "pk": 49, "fields": {"name": "Product_49", "short_text": "Product short text", "long_text": "Product long text", "now_price": "1362.00", "old_price": "1769.00", "currency": "\u20bd", "product_marker": 1, "category": 9, "image": 15, "created": "2018-12-19T21:26:49.612Z", "modified": "2018-12-19T21:26:49.612Z", "is_active": true, "quantity": 8}}, {"model": "products.product", "pk": 50, "fields": {"name": "Product_50", "short_text": "Product short text", "long_text": "Product long text", "now_price": "1246.00", "old_price": "1779.00", "currency": "\u20bd", "product_marker": 3, "category": 3, "image": 15, "created": "2018-12-19T21:26:49.779Z", "modified": "2018-12-19T21:26:49.779Z", "is_active": true, "quantity": 7}}, {"model": "images.image", "pk": 9, "fields": {"name": "default.jpg", "img": "default.jpg"}}, {"model": "images.image", "pk": 10, "fields": {"name": "img_1.jpg", "img": "img_1.jpg"}}, {"model": "images.image", "pk": 11, "fields": {"name": "img_2.jpg", "img": "img_2.jpg"}}, {"model": "images.image", "pk": 12, "fields": {"name": "img_3.jpg", "img": "img_3.jpg"}}, {"model": "images.image", "pk": 13, "fields": {"name": "img_4.jpg", "img": "img_4.jpg"}}, {"model": "images.image", "pk": 14, "fields": {"name": "img_5.jpg", "img": "img_5.jpg"}}, {"model": "images.image", "pk": 15, "fields": {"name": "img_6.jpg", "img": "img_6.jpg"}}, {"model": "images.image", "pk": 16, "fields": {"name": "img_7.jpg", "img": "img_7.jpg"}}]